centro;nombre_centro;ensena;poblacion;fecha;albaran;comentarios;portes;total_con_iva
21;LEGANES;AURGI;LEGANES;2026-08-01;21478;;0;14.30
21;LEGANES;AURGI;LEGANES;2026-08-01;21484;;0;33.87
21;LEGANES;AURGI;LEGANES;2026-08-01;21488;;0;5.81
21;LEGANES;AURGI;LEGANES;2026-08-01;21489;;0;11.54
21;LEGANES;AURGI;LEGANES;2026-08-03;21717;;0;22.22
21;LEGANES;AURGI;LEGANES;2026-08-03;21788;;0;32.49
21;LEGANES;AURGI;LEGANES;2026-08-03;21882;;0;55.01
21;LEGANES;AURGI;LEGANES;2026-08-03;21883;;0;55.01
21;LEGANES;AURGI;LEGANES;2026-08-03;21953;;0;24.97
21;LEGANES;AURGI;LEGANES;2026-08-03;21984;;0;6.34
21;LEGANES;AURGI;LEGANES;2026-08-04;22082;;0;33.43
21;LEGANES;AURGI;LEGANES;2026-08-04;22134;;0;12.78
21;LEGANES;AURGI;LEGANES;2026-08-04;22135;;0;8.14
21;LEGANES;AURGI;LEGANES;2026-08-04;22150;;0;13.00
21;LEGANES;AURGI;LEGANES;2026-08-04;22192;;0;23.41
21;LEGANES;AURGI;LEGANES;2026-08-04;22203;;0;6.39
21;LEGANES;AURGI;LEGANES;2026-08-04;22242;;0;31.02
21;LEGANES;AURGI;LEGANES;2026-08-04;22243;;0;25.08
21;LEGANES;AURGI;LEGANES;2026-08-04;22249;;0;20.34
21;LEGANES;AURGI;LEGANES;2026-08-04;22250;;0;30.35
21;LEGANES;AURGI;LEGANES;2026-08-04;22251;;0;25.36
21;LEGANES;AURGI;LEGANES;2026-08-04;22253;;0;125.60
21;LEGANES;AURGI;LEGANES;2026-08-05;22399;;0;43.90
21;LEGANES;AURGI;LEGANES;2026-08-05;22404;;0;208.06
21;LEGANES;AURGI;LEGANES;2026-08-05;22408;;0;52.10
21;LEGANES;AURGI;LEGANES;2026-08-05;22432;;0;54.98
21;LEGANES;AURGI;LEGANES;2026-08-05;22461;;0;-220.52
21;LEGANES;AURGI;LEGANES;2026-08-05;22478;;0;34.94
21;LEGANES;AURGI;LEGANES;2026-08-05;22484;;0;32.78
21;LEGANES;AURGI;LEGANES;2026-08-05;22487;;0;37.58
21;LEGANES;AURGI;LEGANES;2026-08-05;22521;;0;31.77
21;LEGANES;AURGI;LEGANES;2026-08-05;22522;;0;63.43
21;LEGANES;AURGI;LEGANES;2026-08-05;22526;;0;38.57
21;LEGANES;AURGI;LEGANES;2026-08-06;22544;;0;8.89
21;LEGANES;AURGI;LEGANES;2026-08-06;22590;;0;419.40
21;LEGANES;AURGI;LEGANES;2026-08-06;22617;;0;13.53
21;LEGANES;AURGI;LEGANES;2026-08-06;22651;;0;325.97
21;LEGANES;AURGI;LEGANES;2026-08-06;22656;;0;8.45
21;LEGANES;AURGI;LEGANES;2026-08-06;22690;;0;150.62
21;LEGANES;AURGI;LEGANES;2026-08-06;22724;;0;15.17
21;LEGANES;AURGI;LEGANES;2026-08-06;22744;;0;52.96
21;LEGANES;AURGI;LEGANES;2026-08-06;22749;;0;33.49
21;LEGANES;AURGI;LEGANES;2026-08-06;22779;;0;76.75
21;LEGANES;AURGI;LEGANES;2026-08-06;22784;;0;33.03
21;LEGANES;AURGI;LEGANES;2026-08-06;22785;;0;33.03
21;LEGANES;AURGI;LEGANES;2026-08-07;22819;;0;-405.05
21;LEGANES;AURGI;LEGANES;2026-08-07;22820;;0;-451.17
21;LEGANES;AURGI;LEGANES;2026-08-07;22821;;0;7.09
21;LEGANES;AURGI;LEGANES;2026-08-07;22830;;0;8.45
21;LEGANES;AURGI;LEGANES;2026-08-07;22842;;0;33.15
21;LEGANES;AURGI;LEGANES;2026-08-07;22855;;0;8.03
21;LEGANES;AURGI;LEGANES;2026-08-07;22884;;0;27.95
21;LEGANES;AURGI;LEGANES;2026-08-07;22894;;0;-26.87
21;LEGANES;AURGI;LEGANES;2026-08-07;22939;;0;16.89
21;LEGANES;AURGI;LEGANES;2026-08-07;22953;;0;63.37
21;LEGANES;AURGI;LEGANES;2026-08-07;22961;;0;13.43
21;LEGANES;AURGI;LEGANES;2026-08-07;22966;;0;-13.43
21;LEGANES;AURGI;LEGANES;2026-08-07;22968;;0;13.37
21;LEGANES;AURGI;LEGANES;2026-08-07;22976;;0;55.27
21;LEGANES;AURGI;LEGANES;2026-08-07;22982;;0;43.63
21;LEGANES;AURGI;LEGANES;2026-08-08;22056;;0;31.38
21;LEGANES;AURGI;LEGANES;2026-08-08;22066;;0;16.89
21;LEGANES;AURGI;LEGANES;2026-08-08;22072;;0;30.44
21;LEGANES;AURGI;LEGANES;2026-08-10;22075;;0;-30.44
21;LEGANES;AURGI;LEGANES;2026-08-10;22984;;0;10.90
21;LEGANES;AURGI;LEGANES;2026-08-10;23018;;0;30.44
21;LEGANES;AURGI;LEGANES;2026-08-10;23095;;0;14.65
21;LEGANES;AURGI;LEGANES;2026-08-10;23100;;0;21.34
21;LEGANES;AURGI;LEGANES;2026-08-10;23121;;0;13.73
21;LEGANES;AURGI;LEGANES;2026-08-10;23126;;0;10.72
21;LEGANES;AURGI;LEGANES;2026-08-10;23127;;0;11.72
21;LEGANES;AURGI;LEGANES;2026-08-10;23170;;0;41.89
21;LEGANES;AURGI;LEGANES;2026-08-10;23190;;0;21.14
21;LEGANES;AURGI;LEGANES;2026-08-10;23199;;0;21.34
21;LEGANES;AURGI;LEGANES;2026-08-10;23210;;0;10.58
21;LEGANES;AURGI;LEGANES;2026-08-11;23223;;0;10.51
21;LEGANES;AURGI;LEGANES;2026-08-11;23252;;0;16.76
21;LEGANES;AURGI;LEGANES;2026-08-11;23278;;0;124.84
21;LEGANES;AURGI;LEGANES;2026-08-11;23289;;0;48.99
21;LEGANES;AURGI;LEGANES;2026-08-11;23296;;0;12.49
21;LEGANES;AURGI;LEGANES;2026-08-11;23299;;0;-88.31
21;LEGANES;AURGI;LEGANES;2026-08-11;23300;;0;13.85
21;LEGANES;AURGI;LEGANES;2026-08-11;23345;;0;9.30
21;LEGANES;AURGI;LEGANES;2026-08-11;23351;;0;19.82
21;LEGANES;AURGI;LEGANES;2026-08-11;23362;;0;386.84
21;LEGANES;AURGI;LEGANES;2026-08-11;23377;;0;20.11
21;LEGANES;AURGI;LEGANES;2026-08-11;23383;;0;64.82
21;LEGANES;AURGI;LEGANES;2026-08-11;23395;;0;38.07
21;LEGANES;AURGI;LEGANES;2026-08-11;23398;;0;30.44
21;LEGANES;AURGI;LEGANES;2026-08-11;23401;;0;53.40
21;LEGANES;AURGI;LEGANES;2026-08-12;23445;;0;105.54
21;LEGANES;AURGI;LEGANES;2026-08-12;23465;;0;8.80
21;LEGANES;AURGI;LEGANES;2026-08-12;23497;;0;32.78
21;LEGANES;AURGI;LEGANES;2026-08-12;23515;;0;37.73
21;LEGANES;AURGI;LEGANES;2026-08-12;23517;;0;17.84
21;LEGANES;AURGI;LEGANES;2026-08-12;23519;;0;14.65
21;LEGANES;AURGI;LEGANES;2026-08-12;23564;;0;5.28
21;LEGANES;AURGI;LEGANES;2026-08-12;23570;;0;118.22
21;LEGANES;AURGI;LEGANES;2026-08-13;23618;;0;20.70
21;LEGANES;AURGI;LEGANES;2026-08-13;23632;;0;63.77
21;LEGANES;AURGI;LEGANES;2026-08-13;23641;;0;34.99
21;LEGANES;AURGI;LEGANES;2026-08-13;23642;;0;8.45
21;LEGANES;AURGI;LEGANES;2026-08-13;23651;;0;12.83
21;LEGANES;AURGI;LEGANES;2026-08-13;23652;;0;12.98
21;LEGANES;AURGI;LEGANES;2026-08-13;23665;;0;17.53
21;LEGANES;AURGI;LEGANES;2026-08-13;23666;;0;28.22
21;LEGANES;AURGI;LEGANES;2026-08-13;23674;;0;6.04
21;LEGANES;AURGI;LEGANES;2026-08-13;23716;;0;11.66
21;LEGANES;AURGI;LEGANES;2026-08-13;23737;;0;49.63
21;LEGANES;AURGI;LEGANES;2026-08-13;23748;;0;8.77
21;LEGANES;AURGI;LEGANES;2026-08-14;23762;;0;21.57
21;LEGANES;AURGI;LEGANES;2026-08-14;23766;;0;-172.78
21;LEGANES;AURGI;LEGANES;2026-08-14;23818;;0;74.14
21;LEGANES;AURGI;LEGANES;2026-08-14;23820;;0;55.94
21;LEGANES;AURGI;LEGANES;2026-08-14;23850;;0;13.85
21;LEGANES;AURGI;LEGANES;2026-08-17;23940;;0;10.03
21;LEGANES;AURGI;LEGANES;2026-08-17;23959;;0;137.65
21;LEGANES;AURGI;LEGANES;2026-08-17;23997;;0;26.24
21;LEGANES;AURGI;LEGANES;2026-08-17;24003;;0;133.69
21;LEGANES;AURGI;LEGANES;2026-08-17;24008;;0;23.16
21;LEGANES;AURGI;LEGANES;2026-08-17;24010;;0;233.83
21;LEGANES;AURGI;LEGANES;2026-08-17;24025;;0;66.25
21;LEGANES;AURGI;LEGANES;2026-08-17;24026;;0;72.83
21;LEGANES;AURGI;LEGANES;2026-08-17;24039;;0;18.05
21;LEGANES;AURGI;LEGANES;2026-08-17;24040;;0;7.34
21;LEGANES;AURGI;LEGANES;2026-08-17;24065;;0;168.59
21;LEGANES;AURGI;LEGANES;2026-08-17;24073;;0;20.46
21;LEGANES;AURGI;LEGANES;2026-08-17;24078;;0;14.01
21;LEGANES;AURGI;LEGANES;2026-08-18;24088;;0;296.62
21;LEGANES;AURGI;LEGANES;2026-08-18;24094;;0;18.05
21;LEGANES;AURGI;LEGANES;2026-08-18;24095;;0;18.05
21;LEGANES;AURGI;LEGANES;2026-08-18;24133;;0;21.57
21;LEGANES;AURGI;LEGANES;2026-08-18;24145;;0;18.94
21;LEGANES;AURGI;LEGANES;2026-08-18;24151;;0;17.12
21;LEGANES;AURGI;LEGANES;2026-08-18;24180;;0;-254.95
21;LEGANES;AURGI;LEGANES;2026-08-18;24181;;0;-10.03
21;LEGANES;AURGI;LEGANES;2026-08-18;24200;;0;24.83
21;LEGANES;AURGI;LEGANES;2026-08-18;24216;;0;18.94
21;LEGANES;AURGI;LEGANES;2026-08-18;24229;;0;26.08
21;LEGANES;AURGI;LEGANES;2026-08-18;24231;;0;95.94
21;LEGANES;AURGI;LEGANES;2026-08-18;24249;;0;70.31
21;LEGANES;AURGI;LEGANES;2026-08-18;24264;;0;20.88
21;LEGANES;AURGI;LEGANES;2026-08-18;24282;;0;3.32
21;LEGANES;AURGI;LEGANES;2026-08-19;24358;;0;-140.40
21;LEGANES;AURGI;LEGANES;2026-08-19;24359;;0;-20.03
21;LEGANES;AURGI;LEGANES;2026-08-19;24360;;0;-121.00
21;LEGANES;AURGI;LEGANES;2026-08-19;24411;;0;11.54
21;LEGANES;AURGI;LEGANES;2026-08-19;24422;;0;-18.94
21;LEGANES;AURGI;LEGANES;2026-08-19;24426;;0;27.21
21;LEGANES;AURGI;LEGANES;2026-08-19;24427;;0;23.78
21;LEGANES;AURGI;LEGANES;2026-08-19;24446;;0;84.57
21;LEGANES;AURGI;LEGANES;2026-08-19;24452;;0;19.19
21;LEGANES;AURGI;LEGANES;2026-08-19;24469;;0;57.21
21;LEGANES;AURGI;LEGANES;2026-08-19;24479;;0;24.62
21;LEGANES;AURGI;LEGANES;2026-08-19;24481;;0;30.37
21;LEGANES;AURGI;LEGANES;2026-08-19;24482;;0;68.92
21;LEGANES;AURGI;LEGANES;2026-08-20;24491;;0;51.69
21;LEGANES;AURGI;LEGANES;2026-08-20;24496;;0;122.65
21;LEGANES;AURGI;LEGANES;2026-08-20;24497;;0;30.90
21;LEGANES;AURGI;LEGANES;2026-08-20;24516;;0;21.91
21;LEGANES;AURGI;LEGANES;2026-08-20;24550;;0;17.23
21;LEGANES;AURGI;LEGANES;2026-08-20;24557;;0;23.70
21;LEGANES;AURGI;LEGANES;2026-08-20;24558;;0;114.39
21;LEGANES;AURGI;LEGANES;2026-08-20;24559;;0;32.36
21;LEGANES;AURGI;LEGANES;2026-08-20;24570;;0;76.27
21;LEGANES;AURGI;LEGANES;2026-08-20;24571;;0;10.84
21;LEGANES;AURGI;LEGANES;2026-08-20;24600;;0;99.34
21;LEGANES;AURGI;LEGANES;2026-08-20;24629;;0;21.91
21;LEGANES;AURGI;LEGANES;2026-08-20;24635;;0;10.67
21;LEGANES;AURGI;LEGANES;2026-08-20;24642;;0;26.55
21;LEGANES;AURGI;LEGANES;2026-08-20;24650;;0;29.05
21;LEGANES;AURGI;LEGANES;2026-08-20;24662;;0;68.67
21;LEGANES;AURGI;LEGANES;2026-08-20;24666;;0;164.33
21;LEGANES;AURGI;LEGANES;2026-08-20;24669;;0;11.50
21;LEGANES;AURGI;LEGANES;2026-08-20;24672;;0;36.49
21;LEGANES;AURGI;LEGANES;2026-08-21;24673;;0;19.44
21;LEGANES;AURGI;LEGANES;2026-08-21;24674;;0;77.88
21;LEGANES;AURGI;LEGANES;2026-08-21;24703;;0;76.27
21;LEGANES;AURGI;LEGANES;2026-08-21;24721;;0;14.11
21;LEGANES;AURGI;LEGANES;2026-08-21;24737;;0;-496.68
21;LEGANES;AURGI;LEGANES;2026-08-21;24738;;0;-8.65
21;LEGANES;AURGI;LEGANES;2026-08-21;24739;;0;14.11
21;LEGANES;AURGI;LEGANES;2026-08-21;24786;;0;2.67
21;LEGANES;AURGI;LEGANES;2026-08-21;24810;;0;11.66
21;LEGANES;AURGI;LEGANES;2026-08-21;24838;;0;105.54
21;LEGANES;AURGI;LEGANES;2026-08-21;24843;;0;79.05
21;LEGANES;AURGI;LEGANES;2026-08-21;24844;;0;22.64
21;LEGANES;AURGI;LEGANES;2026-08-22;22676;;0;28.71
21;LEGANES;AURGI;LEGANES;2026-08-22;22687;;0;8.65
21;LEGANES;AURGI;LEGANES;2026-08-22;22692;;0;8.91
21;LEGANES;AURGI;LEGANES;2026-08-22;22696;;0;21.11
21;LEGANES;AURGI;LEGANES;2026-08-22;22697;;0;-21.11
21;LEGANES;AURGI;LEGANES;2026-08-24;24866;;0;21.05
21;LEGANES;AURGI;LEGANES;2026-08-24;24867;;0;21.11
21;LEGANES;AURGI;LEGANES;2026-08-24;24919;;0;4.99
21;LEGANES;AURGI;LEGANES;2026-08-24;24922;;0;4.99
21;LEGANES;AURGI;LEGANES;2026-08-24;24923;;0;4.43
21;LEGANES;AURGI;LEGANES;2026-08-24;24933;;0;-258.15
21;LEGANES;AURGI;LEGANES;2026-08-24;24954;;0;-21.05
21;LEGANES;AURGI;LEGANES;2026-08-24;25004;;0;17.81
21;LEGANES;AURGI;LEGANES;2026-08-24;25044;;0;9.40
21;LEGANES;AURGI;LEGANES;2026-08-24;25057;;0;39.23
21;LEGANES;AURGI;LEGANES;2026-08-24;25064;;0;6.17
21;LEGANES;AURGI;LEGANES;2026-08-24;25065;;0;8.49
21;LEGANES;AURGI;LEGANES;2026-08-24;25077;;0;8.20
21;LEGANES;AURGI;LEGANES;2026-08-25;25127;;0;13.98
21;LEGANES;AURGI;LEGANES;2026-08-25;25140;;0;60.80
21;LEGANES;AURGI;LEGANES;2026-08-25;25143;;0;14.47
21;LEGANES;AURGI;LEGANES;2026-08-25;25229;;0;35.15
21;LEGANES;AURGI;LEGANES;2026-08-25;25230;;0;10.22
21;LEGANES;AURGI;LEGANES;2026-08-25;25245;;0;8.87
21;LEGANES;AURGI;LEGANES;2026-08-26;25365;;0;11.19
21;LEGANES;AURGI;LEGANES;2026-08-26;25380;;0;21.36
21;LEGANES;AURGI;LEGANES;2026-08-26;25396;;0;13.55
21;LEGANES;AURGI;LEGANES;2026-08-26;25409;;0;20.11
21;LEGANES;AURGI;LEGANES;2026-08-26;25436;;0;19.30
21;LEGANES;AURGI;LEGANES;2026-08-26;25446;;0;4.92
21;LEGANES;AURGI;LEGANES;2026-08-27;25526;;0;71.87
21;LEGANES;AURGI;LEGANES;2026-08-27;25563;;0;154.37
21;LEGANES;AURGI;LEGANES;2026-08-27;25572;;0;33.06
21;LEGANES;AURGI;LEGANES;2026-08-27;25587;;0;50.26
21;LEGANES;AURGI;LEGANES;2026-08-27;25608;;0;8.03
21;LEGANES;AURGI;LEGANES;2026-08-27;25636;;0;41.96
21;LEGANES;AURGI;LEGANES;2026-08-27;25641;;0;20.98
21;LEGANES;AURGI;LEGANES;2026-08-27;25653;;0;18.50
21;LEGANES;AURGI;LEGANES;2026-08-27;25673;;0;8.87
21;LEGANES;AURGI;LEGANES;2026-08-27;25683;;0;216.51
21;LEGANES;AURGI;LEGANES;2026-08-28;25730;;0;28.58
21;LEGANES;AURGI;LEGANES;2026-08-28;25739;;0;34.86
21;LEGANES;AURGI;LEGANES;2026-08-28;25748;;0;12.02
21;LEGANES;AURGI;LEGANES;2026-08-28;25799;;0;58.78
21;LEGANES;AURGI;LEGANES;2026-08-28;25811;;0;23.04
21;LEGANES;AURGI;LEGANES;2026-08-28;25812;;0;7.82
21;LEGANES;AURGI;LEGANES;2026-08-28;25817;;0;6.86
21;LEGANES;AURGI;LEGANES;2026-08-28;25818;;0;114.47
21;LEGANES;AURGI;LEGANES;2026-08-28;25819;;0;69.94
21;LEGANES;AURGI;LEGANES;2026-08-28;25830;;0;5.42
21;LEGANES;AURGI;LEGANES;2026-08-29;23011;;0;25.70
154;ALUCHE;AURGI;MADRID;2026-08-31;37380;;0;2.13
154;ALUCHE;AURGI;MADRID;2026-08-31;37451;;0;38.80
174;CASTELLANA;MOTORTOWN;MADRID;2026-08-31;29565;;0;-92.07
174;CASTELLANA;MOTORTOWN;MADRID;2026-08-31;29630;;0;79.13
190;SANCHINARRO;MOTORTOWN;MADRID;2026-08-31;63078;;0;24.58
190;SANCHINARRO;MOTORTOWN;MADRID;2026-08-31;63080;;0;8.03
190;SANCHINARRO;MOTORTOWN;MADRID;2026-08-31;63082;;0;29.39
190;SANCHINARRO;MOTORTOWN;MADRID;2026-08-31;63086;;0;26.64
190;SANCHINARRO;MOTORTOWN;MADRID;2026-08-31;63088;;0;5.40
190;SANCHINARRO;MOTORTOWN;MADRID;2026-08-31;63101;;0;275.32
190;SANCHINARRO;MOTORTOWN;MADRID;2026-08-31;63107;;0;102.39
190;SANCHINARRO;MOTORTOWN;MADRID;2026-08-31;63120;;0;109.18
190;SANCHINARRO;MOTORTOWN;MADRID;2026-08-31;63122;;0;115.91
190;SANCHINARRO;MOTORTOWN;MADRID;2026-08-31;63164;;0;102.39
190;SANCHINARRO;MOTORTOWN;MADRID;2026-08-31;63176;;0;27.88
190;SANCHINARRO;MOTORTOWN;MADRID;2026-08-31;63179;;0;46.96
190;SANCHINARRO;MOTORTOWN;MADRID;2026-08-31;63188;;0;4.92
190;SANCHINARRO;MOTORTOWN;MADRID;2026-08-31;63196;;0;19.69
190;SANCHINARRO;MOTORTOWN;MADRID;2026-08-31;63197;;0;169.11
190;SANCHINARRO;MOTORTOWN;MADRID;2026-08-31;63200;;0;41.48
190;SANCHINARRO;MOTORTOWN;MADRID;2026-08-31;63225;;0;14.68
190;SANCHINARRO;MOTORTOWN;MADRID;2026-08-31;63298;;0;5.86
190;SANCHINARRO;MOTORTOWN;MADRID;2026-08-31;63307;;0;85.21
199;ALCALA DE HENARES;MOTORTOWN;ALCALA DE HENARES;2026-08-31;53077;;0;2.66
199;ALCALA DE HENARES;MOTORTOWN;ALCALA DE HENARES;2026-08-31;53078;;0;11.76
199;ALCALA DE HENARES;MOTORTOWN;ALCALA DE HENARES;2026-08-31;53220;;0;-19.34
199;ALCALA DE HENARES;MOTORTOWN;ALCALA DE HENARES;2026-08-31;53222;;0;-227.24
202;CAMPO DE LAS NACIONES;MOTORTOWN;MADRID;2026-08-31;30962;;0;26.62
202;CAMPO DE LAS NACIONES;MOTORTOWN;MADRID;2026-08-31;30977;;0;14.58
202;CAMPO DE LAS NACIONES;MOTORTOWN;MADRID;2026-08-31;30988;;0;8.99
202;CAMPO DE LAS NACIONES;MOTORTOWN;MADRID;2026-08-31;30997;;0;9.63
202;CAMPO DE LAS NACIONES;MOTORTOWN;MADRID;2026-08-31;31034;;0;7.71
202;CAMPO DE LAS NACIONES;MOTORTOWN;MADRID;2026-08-31;31056;;0;8.14
202;CAMPO DE LAS NACIONES;MOTORTOWN;MADRID;2026-08-31;31057;;0;8.98
202;CAMPO DE LAS NACIONES;MOTORTOWN;MADRID;2026-08-31;31058;;0;2.81
202;CAMPO DE LAS NACIONES;MOTORTOWN;MADRID;2026-08-31;31059;;0;33.15
204;SAN JOSE DE VALDERAS;MOTORTOWN;ALCORCON;2026-08-31;45829;;0;28.57
204;SAN JOSE DE VALDERAS;MOTORTOWN;ALCORCON;2026-08-31;45903;;0;7.05
204;SAN JOSE DE VALDERAS;MOTORTOWN;ALCORCON;2026-08-31;45907;;0;9.50
21;LEGANES;AURGI;LEGANES;2026-08-31;25899;;0;8.91
21;LEGANES;AURGI;LEGANES;2026-08-31;25929;;0;-176.78
21;LEGANES;AURGI;LEGANES;2026-08-31;25941;;0;15.33
21;LEGANES;AURGI;LEGANES;2026-08-31;25981;;0;41.20
21;LEGANES;AURGI;LEGANES;2026-08-31;26059;;0;12.83
21;LEGANES;AURGI;LEGANES;2026-08-31;26088;;0;13.61
210;POZUELO DE ALARCÓN;MOTORTOWN;POZUELO DE ALARCÓN;2026-08-31;24535;;0;-251.53
210;POZUELO DE ALARCÓN;MOTORTOWN;POZUELO DE ALARCÓN;2026-08-31;24557;;0;18.74
210;POZUELO DE ALARCÓN;MOTORTOWN;POZUELO DE ALARCÓN;2026-08-31;24581;;0;22.69
210;POZUELO DE ALARCÓN;MOTORTOWN;POZUELO DE ALARCÓN;2026-08-31;24594;;0;-131.88
210;POZUELO DE ALARCÓN;MOTORTOWN;POZUELO DE ALARCÓN;2026-08-31;24610;;0;-105.19
210;POZUELO DE ALARCÓN;MOTORTOWN;POZUELO DE ALARCÓN;2026-08-31;24621;;0;31.84
210;POZUELO DE ALARCÓN;MOTORTOWN;POZUELO DE ALARCÓN;2026-08-31;24623;;0;24.05
210;POZUELO DE ALARCÓN;MOTORTOWN;POZUELO DE ALARCÓN;2026-08-31;24624;;0;20.28
210;POZUELO DE ALARCÓN;MOTORTOWN;POZUELO DE ALARCÓN;2026-08-31;24625;;0;8.36
213;EL BERCIAL;MOTORTOWN;GETAFE;2026-08-31;25900;;0;79.45
213;EL BERCIAL;MOTORTOWN;GETAFE;2026-08-31;25901;;0;55.97
213;EL BERCIAL;MOTORTOWN;GETAFE;2026-08-31;25902;;0;24.24
213;EL BERCIAL;MOTORTOWN;GETAFE;2026-08-31;25918;;0;-79.45
213;EL BERCIAL;MOTORTOWN;GETAFE;2026-08-31;25919;;0;67.80
213;EL BERCIAL;MOTORTOWN;GETAFE;2026-08-31;26005;;0;38.45
224;TALAVERA;MOTORTOWN;TALAVERA;2026-08-31;28465;;0;34.45
224;TALAVERA;MOTORTOWN;TALAVERA;2026-08-31;28474;;0;15.35
23;SAN SEBASTIAN;AURGI;SS REYES;2026-08-31;63207;;0;17.58
24;PINTO;AURGI;PINTO;2026-08-31;31316;;0;21.42
24;PINTO;AURGI;PINTO;2026-08-31;31369;;0;9.38
25;LAS ROZAS;AURGI;LAS ROZAS;2026-08-31;75886;;0;16.67
25;LAS ROZAS;AURGI;LAS ROZAS;2026-08-31;75890;;0;61.78
25;LAS ROZAS;AURGI;LAS ROZAS;2026-08-31;75929;;0;49.15
25;LAS ROZAS;AURGI;LAS ROZAS;2026-08-31;75970;;0;13.98
25;LAS ROZAS;AURGI;LAS ROZAS;2026-08-31;76008;;0;-277.84
25;LAS ROZAS;AURGI;LAS ROZAS;2026-08-31;76158;;0;21.50
25;LAS ROZAS;AURGI;LAS ROZAS;2026-08-31;76204;;0;39.31
40;VALLECAS;AURGI;MADRID;2026-08-31;31733;;0;6.51
40;VALLECAS;AURGI;MADRID;2026-08-31;32843;;0;-170.90
40;VALLECAS;AURGI;MADRID;2026-08-31;32861;;0;43.97
40;VALLECAS;AURGI;MADRID;2026-08-31;32871;;0;14.10
40;VALLECAS;AURGI;MADRID;2026-08-31;32901;;0;9.62
40;VALLECAS;AURGI;MADRID;2026-08-31;32942;;0;58.20
40;VALLECAS;AURGI;MADRID;2026-08-31;32944;;0;14.10
40;VALLECAS;AURGI;MADRID;2026-08-31;32946;;0;14.10
40;VALLECAS;AURGI;MADRID;2026-08-31;32950;;0;7.50
40;VALLECAS;AURGI;MADRID;2026-08-31;32969;;0;33.66
40;VALLECAS;AURGI;MADRID;2026-08-31;32975;;0;24.05
45;ANTONIO LOPEZ;AURGI;MADRID;2026-08-31;24786;;0;150.63
45;ANTONIO LOPEZ;AURGI;MADRID;2026-08-31;24787;;0;16.81
45;ANTONIO LOPEZ;AURGI;MADRID;2026-08-31;24789;;0;27.84
45;ANTONIO LOPEZ;AURGI;MADRID;2026-08-31;24792;;0;-37.91
45;ANTONIO LOPEZ;AURGI;MADRID;2026-08-31;24821;;0;8.45
45;ANTONIO LOPEZ;AURGI;MADRID;2026-08-31;24868;;0;28.52
45;ANTONIO LOPEZ;AURGI;MADRID;2026-08-31;24871;;0;58.00
53;RIVAS;AURGI;RIVAS VACIAMADRID;2026-08-31;16961;;0;9.17
53;RIVAS;AURGI;RIVAS VACIAMADRID;2026-08-31;16982;;0;-45.92
53;RIVAS;AURGI;RIVAS VACIAMADRID;2026-08-31;16987;;0;11.31
53;RIVAS;AURGI;RIVAS VACIAMADRID;2026-08-31;16994;;0;28.92
53;RIVAS;AURGI;RIVAS VACIAMADRID;2026-08-31;17018;;0;17.02
53;RIVAS;AURGI;RIVAS VACIAMADRID;2026-08-31;17036;;0;39.31
53;RIVAS;AURGI;RIVAS VACIAMADRID;2026-08-31;17042;;0;88.97
54;VILLALBA;AURGI;COLLADO VILLALBA;2026-08-31;62092;;0;36.77
54;VILLALBA;AURGI;COLLADO VILLALBA;2026-08-31;62093;;0;8.43
54;VILLALBA;AURGI;COLLADO VILLALBA;2026-08-31;62131;;0;24.05
54;VILLALBA;AURGI;COLLADO VILLALBA;2026-08-31;62132;;0;14.01
54;VILLALBA;AURGI;COLLADO VILLALBA;2026-08-31;62224;;0;89.81
54;VILLALBA;AURGI;COLLADO VILLALBA;2026-08-31;62226;;0;25.43
54;VILLALBA;AURGI;COLLADO VILLALBA;2026-08-31;62245;;0;27.25
54;VILLALBA;AURGI;COLLADO VILLALBA;2026-08-31;62256;;0;28.29
54;VILLALBA;AURGI;COLLADO VILLALBA;2026-08-31;62260;;0;158.78
54;VILLALBA;AURGI;COLLADO VILLALBA;2026-08-31;62266;;0;11.52
54;VILLALBA;AURGI;COLLADO VILLALBA;2026-08-31;62327;;0;27.81
54;VILLALBA;AURGI;COLLADO VILLALBA;2026-08-31;62348;;0;74.90
54;VILLALBA;AURGI;COLLADO VILLALBA;2026-08-31;62352;;0;262.09
54;VILLALBA;AURGI;COLLADO VILLALBA;2026-08-31;62386;;0;9.05
54;VILLALBA;AURGI;COLLADO VILLALBA;2026-08-31;62387;;0;29.35
56;ALCALA DE HENARES;AURGI;ALCALA DE HENARES;2026-08-31;53007;;0;91.25
56;ALCALA DE HENARES;AURGI;ALCALA DE HENARES;2026-08-31;53043;;0;91.25
56;ALCALA DE HENARES;AURGI;ALCALA DE HENARES;2026-08-31;53149;;0;41.68
56;ALCALA DE HENARES;AURGI;ALCALA DE HENARES;2026-08-31;53195;;0;8.64
56;ALCALA DE HENARES;AURGI;ALCALA DE HENARES;2026-08-31;53226;;0;125.21
57;ALCOBENDAS;AURGI;ALCOBENDAS;2026-08-31;63138;;0;33.87
57;ALCOBENDAS;AURGI;ALCOBENDAS;2026-08-31;63243;;0;44.62
57;ALCOBENDAS;AURGI;ALCOBENDAS;2026-08-31;63271;;0;-22.26
57;ALCOBENDAS;AURGI;ALCOBENDAS;2026-08-31;63284;;0;6.64
58;MOSTOLES;AURGI;MOSTOLES;2026-08-31;39784;;0;10.65
58;MOSTOLES;AURGI;MOSTOLES;2026-08-31;39881;;0;21.40
58;MOSTOLES;AURGI;MOSTOLES;2026-08-31;39883;;0;61.47
58;MOSTOLES;AURGI;MOSTOLES;2026-08-31;39928;;0;51.69
58;MOSTOLES;AURGI;MOSTOLES;2026-08-31;39940;;0;10.14
58;MOSTOLES;AURGI;MOSTOLES;2026-08-31;39951;;0;9.62
59;VALDEMORO;AURGI;VALDEMORO;2026-08-31;22892;;0;87.22
59;VALDEMORO;AURGI;VALDEMORO;2026-08-31;22903;;0;12.84
59;VALDEMORO;AURGI;VALDEMORO;2026-08-31;22911;;0;12.34
59;VALDEMORO;AURGI;VALDEMORO;2026-08-31;22916;;0;100.53
59;VALDEMORO;AURGI;VALDEMORO;2026-08-31;22932;;0;57.75
59;VALDEMORO;AURGI;VALDEMORO;2026-08-31;22933;;0;20.11
59;VALDEMORO;AURGI;VALDEMORO;2026-08-31;22943;;0;9.60
59;VALDEMORO;AURGI;VALDEMORO;2026-08-31;22952;;0;7.61
59;VALDEMORO;AURGI;VALDEMORO;2026-08-31;22965;;0;10.55
59;VALDEMORO;AURGI;VALDEMORO;2026-08-31;22966;;0;36.78
59;VALDEMORO;AURGI;VALDEMORO;2026-08-31;22971;;0;4.26
59;VALDEMORO;AURGI;VALDEMORO;2026-08-31;22974;;0;-228.09
59;VALDEMORO;AURGI;VALDEMORO;2026-08-31;23017;;0;4.26
61;ALCORCON;AURGI;ALCORCON;2026-08-31;45702;;0;16.88
61;ALCORCON;AURGI;ALCORCON;2026-08-31;45745;;0;41.61
61;ALCORCON;AURGI;ALCORCON;2026-08-31;45752;;0;23.64
61;ALCORCON;AURGI;ALCORCON;2026-08-31;45786;;0;25.10
61;ALCORCON;AURGI;ALCORCON;2026-08-31;45799;;0;19.18
61;ALCORCON;AURGI;ALCORCON;2026-08-31;45808;;0;7.36
61;ALCORCON;AURGI;ALCORCON;2026-08-31;45817;;0;-85.89
61;ALCORCON;AURGI;ALCORCON;2026-08-31;45821;;0;6.03
61;ALCORCON;AURGI;ALCORCON;2026-08-31;45859;;0;10.47
75;EMILIO MUÑOZ;AURGI;MADRID;2026-08-31;30930;;0;6.43
75;EMILIO MUÑOZ;AURGI;MADRID;2026-08-31;30950;;0;26.58
75;EMILIO MUÑOZ;AURGI;MADRID;2026-08-31;30996;;0;11.56
77;ARGANDA DEL REY;AURGI;ARGANDA DEL REY;2026-08-31;37255;;0;6.20
77;ARGANDA DEL REY;AURGI;ARGANDA DEL REY;2026-08-31;37257;;0;17.40
77;ARGANDA DEL REY;AURGI;ARGANDA DEL REY;2026-08-31;37259;;0;4.72
77;ARGANDA DEL REY;AURGI;ARGANDA DEL REY;2026-08-31;37270;;0;10.43
77;ARGANDA DEL REY;AURGI;ARGANDA DEL REY;2026-08-31;37329;;0;10.10
77;ARGANDA DEL REY;AURGI;ARGANDA DEL REY;2026-08-31;37374;;0;16.64
78;OLIAS DEL REY;AURGI;OLÍAS DEL REY;2026-08-31;78252;;0;53.97
78;OLIAS DEL REY;AURGI;OLÍAS DEL REY;2026-08-31;78413;;0;11.95
78;OLIAS DEL REY;AURGI;OLÍAS DEL REY;2026-08-31;78419;;0;11.95
79;MARQUES DE VADILLO;AURGI;MADRID;2026-08-31;37320;;0;23.04
79;MARQUES DE VADILLO;AURGI;MADRID;2026-08-31;37347;;0;83.55
79;MARQUES DE VADILLO;AURGI;MADRID;2026-08-31;37354;;0;100.33
79;MARQUES DE VADILLO;AURGI;MADRID;2026-08-31;37399;;0;31.77
79;MARQUES DE VADILLO;AURGI;MADRID;2026-08-31;37446;;0;-27.48
89;LA VAGUADA;AURGI;MADRID;2026-08-31;29590;;0;30.35
89;LA VAGUADA;AURGI;MADRID;2026-08-31;29605;;0;28.46
89;LA VAGUADA;AURGI;MADRID;2026-08-31;29656;;0;37.84
89;LA VAGUADA;AURGI;MADRID;2026-08-31;29658;;0;12.61
89;LA VAGUADA;AURGI;MADRID;2026-08-31;29660;;0;21.95
89;LA VAGUADA;AURGI;MADRID;2026-08-31;29661;;0;14.76
154;ALUCHE;AURGI;MADRID;2026-09-01;37596;;0;33.88
154;ALUCHE;AURGI;MADRID;2026-09-01;37622;;0;105.54
154;ALUCHE;AURGI;MADRID;2026-09-01;37634;;0;11.29
154;ALUCHE;AURGI;MADRID;2026-09-01;37645;;0;11.47
172;GOYA;MOTORTOWN;MADRID;2026-09-01;18843;;0;23.66
172;GOYA;MOTORTOWN;MADRID;2026-09-01;18873;;0;-26.33
172;GOYA;MOTORTOWN;MADRID;2026-09-01;18883;;0;73.62
172;GOYA;MOTORTOWN;MADRID;2026-09-01;18889;;0;11.39
172;GOYA;MOTORTOWN;MADRID;2026-09-01;18902;;0;26.11
190;SANCHINARRO;MOTORTOWN;MADRID;2026-09-01;63315;;0;27.81
190;SANCHINARRO;MOTORTOWN;MADRID;2026-09-01;63360;;0;102.67
190;SANCHINARRO;MOTORTOWN;MADRID;2026-09-01;63411;;0;-328.72
190;SANCHINARRO;MOTORTOWN;MADRID;2026-09-01;63415;;0;-215.53
190;SANCHINARRO;MOTORTOWN;MADRID;2026-09-01;63416;;0;22.07
190;SANCHINARRO;MOTORTOWN;MADRID;2026-09-01;63418;;0;-77.88
190;SANCHINARRO;MOTORTOWN;MADRID;2026-09-01;63457;;0;7.47
190;SANCHINARRO;MOTORTOWN;MADRID;2026-09-01;63458;;0;8.88
190;SANCHINARRO;MOTORTOWN;MADRID;2026-09-01;63461;;0;20.18
190;SANCHINARRO;MOTORTOWN;MADRID;2026-09-01;63500;;0;5.90
190;SANCHINARRO;MOTORTOWN;MADRID;2026-09-01;63503;;0;74.14
190;SANCHINARRO;MOTORTOWN;MADRID;2026-09-01;63524;;0;4.84
190;SANCHINARRO;MOTORTOWN;MADRID;2026-09-01;63525;;0;26.93
190;SANCHINARRO;MOTORTOWN;MADRID;2026-09-01;63528;;0;49.42
190;SANCHINARRO;MOTORTOWN;MADRID;2026-09-01;63532;;0;26.00
190;SANCHINARRO;MOTORTOWN;MADRID;2026-09-01;63599;;0;103.19
190;SANCHINARRO;MOTORTOWN;MADRID;2026-09-01;63621;;0;41.76
199;ALCALA DE HENARES;MOTORTOWN;ALCALA DE HENARES;2026-09-01;53349;;0;13.56
199;ALCALA DE HENARES;MOTORTOWN;ALCALA DE HENARES;2026-09-01;53361;;0;7.05
199;ALCALA DE HENARES;MOTORTOWN;ALCALA DE HENARES;2026-09-01;53362;;0;21.15
199;ALCALA DE HENARES;MOTORTOWN;ALCALA DE HENARES;2026-09-01;53404;;0;10.58
199;ALCALA DE HENARES;MOTORTOWN;ALCALA DE HENARES;2026-09-01;53434;;0;8.35
199;ALCALA DE HENARES;MOTORTOWN;ALCALA DE HENARES;2026-09-01;53466;;0;6.09
199;ALCALA DE HENARES;MOTORTOWN;ALCALA DE HENARES;2026-09-01;53480;;0;23.93
202;CAMPO DE LAS NACIONES;MOTORTOWN;MADRID;2026-09-01;31123;;0;21.05
202;CAMPO DE LAS NACIONES;MOTORTOWN;MADRID;2026-09-01;31130;;0;180.00
202;CAMPO DE LAS NACIONES;MOTORTOWN;MADRID;2026-09-01;31181;;0;7.28
202;CAMPO DE LAS NACIONES;MOTORTOWN;MADRID;2026-09-01;31219;;0;13.26
202;CAMPO DE LAS NACIONES;MOTORTOWN;MADRID;2026-09-01;31240;;0;10.09
202;CAMPO DE LAS NACIONES;MOTORTOWN;MADRID;2026-09-01;31243;;0;26.14
21;LEGANES;AURGI;LEGANES;2026-09-01;26192;;0;10.22
21;LEGANES;AURGI;LEGANES;2026-09-01;26193;;0;28.57
21;LEGANES;AURGI;LEGANES;2026-09-01;26234;;0;56.53
21;LEGANES;AURGI;LEGANES;2026-09-01;26264;;0;36.03
21;LEGANES;AURGI;LEGANES;2026-09-01;26282;;0;-85.16
21;LEGANES;AURGI;LEGANES;2026-09-01;26306;;0;19.59
21;LEGANES;AURGI;LEGANES;2026-09-01;26359;;0;5.42
21;LEGANES;AURGI;LEGANES;2026-09-01;26378;;0;56.77
21;LEGANES;AURGI;LEGANES;2026-09-01;26391;;0;5.81
21;LEGANES;AURGI;LEGANES;2026-09-01;26392;;0;7.27
210;POZUELO DE ALARCÓN;MOTORTOWN;POZUELO DE ALARCÓN;2026-09-01;24691;;0;31.16
210;POZUELO DE ALARCÓN;MOTORTOWN;POZUELO DE ALARCÓN;2026-09-01;24737;;0;53.53
210;POZUELO DE ALARCÓN;MOTORTOWN;POZUELO DE ALARCÓN;2026-09-01;24757;;0;117.59
210;POZUELO DE ALARCÓN;MOTORTOWN;POZUELO DE ALARCÓN;2026-09-01;24796;;0;38.97
210;POZUELO DE ALARCÓN;MOTORTOWN;POZUELO DE ALARCÓN;2026-09-01;24797;;0;37.00
210;POZUELO DE ALARCÓN;MOTORTOWN;POZUELO DE ALARCÓN;2026-09-01;24799;;0;26.21
213;EL BERCIAL;MOTORTOWN;GETAFE;2026-09-01;26139;;0;11.20
213;EL BERCIAL;MOTORTOWN;GETAFE;2026-09-01;26235;;0;12.33
213;EL BERCIAL;MOTORTOWN;GETAFE;2026-09-01;26396;;0;27.70
224;TALAVERA;MOTORTOWN;TALAVERA;2026-09-01;28661;;0;15.25
224;TALAVERA;MOTORTOWN;TALAVERA;2026-09-01;28691;;0;15.25
224;TALAVERA;MOTORTOWN;TALAVERA;2026-09-01;28706;;0;25.52
224;TALAVERA;MOTORTOWN;TALAVERA;2026-09-01;28707;;0;-25.52
224;TALAVERA;MOTORTOWN;TALAVERA;2026-09-01;28708;;0;25.52
23;SAN SEBASTIAN;AURGI;SS REYES;2026-09-01;63664;;0;21.96
24;PINTO;AURGI;PINTO;2026-09-01;31444;;0;78.35
24;PINTO;AURGI;PINTO;2026-09-01;31519;;0;37.79
25;LAS ROZAS;AURGI;LAS ROZAS;2026-09-01;76539;;0;25.22
25;LAS ROZAS;AURGI;LAS ROZAS;2026-09-01;76543;;0;16.27
25;LAS ROZAS;AURGI;LAS ROZAS;2026-09-01;76548;;0;29.19
25;LAS ROZAS;AURGI;LAS ROZAS;2026-09-01;76649;;0;45.74
40;VALLECAS;AURGI;MADRID;2026-09-01;32991;;0;17.02
40;VALLECAS;AURGI;MADRID;2026-09-01;32996;;0;13.53
40;VALLECAS;AURGI;MADRID;2026-09-01;32998;;0;-17.02
40;VALLECAS;AURGI;MADRID;2026-09-01;33009;;0;5.67
40;VALLECAS;AURGI;MADRID;2026-09-01;33057;;0;101.24
40;VALLECAS;AURGI;MADRID;2026-09-01;33065;;0;12.37
40;VALLECAS;AURGI;MADRID;2026-09-01;33072;;0;7.05
40;VALLECAS;AURGI;MADRID;2026-09-01;33074;;0;7.05
40;VALLECAS;AURGI;MADRID;2026-09-01;33103;;0;-379.02
40;VALLECAS;AURGI;MADRID;2026-09-01;33105;;0;-45.70
40;VALLECAS;AURGI;MADRID;2026-09-01;33112;;0;7.05
40;VALLECAS;AURGI;MADRID;2026-09-01;33114;;0;16.13
40;VALLECAS;AURGI;MADRID;2026-09-01;33115;;0;5.46
40;VALLECAS;AURGI;MADRID;2026-09-01;33119;;0;151.17
40;VALLECAS;AURGI;MADRID;2026-09-01;33120;;0;25.43
40;VALLECAS;AURGI;MADRID;2026-09-01;33121;;0;23.18
40;VALLECAS;AURGI;MADRID;2026-09-01;33123;;0;10.97
40;VALLECAS;AURGI;MADRID;2026-09-01;33127;;0;15.94
40;VALLECAS;AURGI;MADRID;2026-09-01;33128;;0;8.18
40;VALLECAS;AURGI;MADRID;2026-09-01;33140;;0;96.59
40;VALLECAS;AURGI;MADRID;2026-09-01;33183;;0;29.48
45;ANTONIO LOPEZ;AURGI;MADRID;2026-09-01;24918;;0;67.80
45;ANTONIO LOPEZ;AURGI;MADRID;2026-09-01;24928;;0;22.74
45;ANTONIO LOPEZ;AURGI;MADRID;2026-09-01;24933;;0;28.06
45;ANTONIO LOPEZ;AURGI;MADRID;2026-09-01;24934;;0;-22.74
45;ANTONIO LOPEZ;AURGI;MADRID;2026-09-01;24936;;0;10.02
45;ANTONIO LOPEZ;AURGI;MADRID;2026-09-01;24973;;0;42.88
45;ANTONIO LOPEZ;AURGI;MADRID;2026-09-01;24974;;0;85.00
45;ANTONIO LOPEZ;AURGI;MADRID;2026-09-01;24987;;0;27.20
45;ANTONIO LOPEZ;AURGI;MADRID;2026-09-01;24988;;0;-28.06
45;ANTONIO LOPEZ;AURGI;MADRID;2026-09-01;25006;;0;9.97
45;ANTONIO LOPEZ;AURGI;MADRID;2026-09-01;25023;;0;28.99
53;RIVAS;AURGI;RIVAS VACIAMADRID;2026-09-01;17096;;0;8.06
53;RIVAS;AURGI;RIVAS VACIAMADRID;2026-09-01;17147;;0;8.55
53;RIVAS;AURGI;RIVAS VACIAMADRID;2026-09-01;17152;;0;11.74
54;VILLALBA;AURGI;COLLADO VILLALBA;2026-09-01;62498;;0;10.78
54;VILLALBA;AURGI;COLLADO VILLALBA;2026-09-01;62503;;0;129.30
54;VILLALBA;AURGI;COLLADO VILLALBA;2026-09-01;62521;;0;-806.99
54;VILLALBA;AURGI;COLLADO VILLALBA;2026-09-01;62534;;0;-112.46
54;VILLALBA;AURGI;COLLADO VILLALBA;2026-09-01;62543;;0;23.80
54;VILLALBA;AURGI;COLLADO VILLALBA;2026-09-01;62620;;0;12.63
54;VILLALBA;AURGI;COLLADO VILLALBA;2026-09-01;62625;;0;9.20
54;VILLALBA;AURGI;COLLADO VILLALBA;2026-09-01;62674;;0;36.46
54;VILLALBA;AURGI;COLLADO VILLALBA;2026-09-01;62724;;0;11.27
56;ALCALA DE HENARES;AURGI;ALCALA DE HENARES;2026-09-01;53402;;0;10.65
57;ALCOBENDAS;AURGI;ALCOBENDAS;2026-09-01;63529;;0;10.35
58;MOSTOLES;AURGI;MOSTOLES;2026-09-01;40062;;0;16.37
58;MOSTOLES;AURGI;MOSTOLES;2026-09-01;40072;;0;87.76
58;MOSTOLES;AURGI;MOSTOLES;2026-09-01;40108;;0;9.73
58;MOSTOLES;AURGI;MOSTOLES;2026-09-01;40131;;0;7.34
59;VALDEMORO;AURGI;VALDEMORO;2026-09-01;23116;;0;7.78
59;VALDEMORO;AURGI;VALDEMORO;2026-09-01;23130;;0;7.78
59;VALDEMORO;AURGI;VALDEMORO;2026-09-01;23131;;0;8.23
59;VALDEMORO;AURGI;VALDEMORO;2026-09-01;23159;;0;7.78
61;ALCORCON;AURGI;ALCORCON;2026-09-01;46019;;0;102.67
61;ALCORCON;AURGI;ALCORCON;2026-09-01;46050;;0;16.93
61;ALCORCON;AURGI;ALCORCON;2026-09-01;46069;;0;20.90
61;ALCORCON;AURGI;ALCORCON;2026-09-01;46075;;0;10.64
61;ALCORCON;AURGI;ALCORCON;2026-09-01;46096;;0;7.34
61;ALCORCON;AURGI;ALCORCON;2026-09-01;46125;;0;24.05
61;ALCORCON;AURGI;ALCORCON;2026-09-01;46145;;0;44.82
61;ALCORCON;AURGI;ALCORCON;2026-09-01;46146;;0;11.52
75;EMILIO MUÑOZ;AURGI;MADRID;2026-09-01;31215;;0;8.87
75;EMILIO MUÑOZ;AURGI;MADRID;2026-09-01;31223;;0;100.33
75;EMILIO MUÑOZ;AURGI;MADRID;2026-09-01;31234;;0;-8.87
76;AVENIDA DE LOS TOREROS;AURGI;MADRID;2026-09-01;18874;;0;-30.73
76;AVENIDA DE LOS TOREROS;AURGI;MADRID;2026-09-01;18876;;0;-29.05
76;AVENIDA DE LOS TOREROS;AURGI;MADRID;2026-09-01;18936;;0;-11.92
77;ARGANDA DEL REY;AURGI;ARGANDA DEL REY;2026-09-01;37403;;0;60.69
77;ARGANDA DEL REY;AURGI;ARGANDA DEL REY;2026-09-01;37406;;0;16.64
77;ARGANDA DEL REY;AURGI;ARGANDA DEL REY;2026-09-01;37451;;0;-33.52
77;ARGANDA DEL REY;AURGI;ARGANDA DEL REY;2026-09-01;37469;;0;81.94
77;ARGANDA DEL REY;AURGI;ARGANDA DEL REY;2026-09-01;37471;;0;26.51
77;ARGANDA DEL REY;AURGI;ARGANDA DEL REY;2026-09-01;37561;;0;32.60
78;OLIAS DEL REY;AURGI;OLÍAS DEL REY;2026-09-01;78630;;0;12.12
78;OLIAS DEL REY;AURGI;OLÍAS DEL REY;2026-09-01;78632;;0;11.29
78;OLIAS DEL REY;AURGI;OLÍAS DEL REY;2026-09-01;78769;;0;7.41
79;MARQUES DE VADILLO;AURGI;MADRID;2026-09-01;37512;;0;24.31
79;MARQUES DE VADILLO;AURGI;MADRID;2026-09-01;37531;;0;61.96
79;MARQUES DE VADILLO;AURGI;MADRID;2026-09-01;37538;;0;7.05
79;MARQUES DE VADILLO;AURGI;MADRID;2026-09-01;37583;;0;10.33
79;MARQUES DE VADILLO;AURGI;MADRID;2026-09-01;37607;;0;61.96
79;MARQUES DE VADILLO;AURGI;MADRID;2026-09-01;37647;;0;13.21
79;MARQUES DE VADILLO;AURGI;MADRID;2026-09-01;37702;;0;10.03
89;LA VAGUADA;AURGI;MADRID;2026-09-01;29770;;0;109.17
89;LA VAGUADA;AURGI;MADRID;2026-09-01;29790;;0;26.81
89;LA VAGUADA;AURGI;MADRID;2026-09-01;29796;;0;16.55
89;LA VAGUADA;AURGI;MADRID;2026-09-01;29801;;0;232.71
89;LA VAGUADA;AURGI;MADRID;2026-09-01;29806;;0;21.95
89;LA VAGUADA;AURGI;MADRID;2026-09-01;29812;;0;12.68
89;LA VAGUADA;AURGI;MADRID;2026-09-01;29855;;0;32.49
154;ALUCHE;AURGI;MADRID;2026-09-02;37853;;0;138.24
154;ALUCHE;AURGI;MADRID;2026-09-02;37913;;0;35.57
154;ALUCHE;AURGI;MADRID;2026-09-02;37917;;0;28.57
154;ALUCHE;AURGI;MADRID;2026-09-02;37938;;0;30.49
172;GOYA;MOTORTOWN;MADRID;2026-09-02;19059;;0;-45.45
174;CASTELLANA;MOTORTOWN;MADRID;2026-09-02;29905;;0;57.48
174;CASTELLANA;MOTORTOWN;MADRID;2026-09-02;29949;;0;7.10
174;CASTELLANA;MOTORTOWN;MADRID;2026-09-02;29963;;0;17.80
190;SANCHINARRO;MOTORTOWN;MADRID;2026-09-02;63677;;0;222.69
190;SANCHINARRO;MOTORTOWN;MADRID;2026-09-02;63749;;0;86.55
190;SANCHINARRO;MOTORTOWN;MADRID;2026-09-02;63752;;0;62.71
190;SANCHINARRO;MOTORTOWN;MADRID;2026-09-02;63782;;0;11.42
190;SANCHINARRO;MOTORTOWN;MADRID;2026-09-02;63787;;0;24.87
190;SANCHINARRO;MOTORTOWN;MADRID;2026-09-02;63828;;0;60.97
190;SANCHINARRO;MOTORTOWN;MADRID;2026-09-02;63848;;0;70.01
190;SANCHINARRO;MOTORTOWN;MADRID;2026-09-02;63918;;0;46.88
190;SANCHINARRO;MOTORTOWN;MADRID;2026-09-02;7241;;0;65.55
199;ALCALA DE HENARES;MOTORTOWN;ALCALA DE HENARES;2026-09-02;53641;;0;29.97
202;CAMPO DE LAS NACIONES;MOTORTOWN;MADRID;2026-09-02;31299;;0;22.74
202;CAMPO DE LAS NACIONES;MOTORTOWN;MADRID;2026-09-02;31301;;0;21.33
202;CAMPO DE LAS NACIONES;MOTORTOWN;MADRID;2026-09-02;31310;;0;12.51
202;CAMPO DE LAS NACIONES;MOTORTOWN;MADRID;2026-09-02;31458;;0;10.27
204;SAN JOSE DE VALDERAS;MOTORTOWN;ALCORCON;2026-09-02;46334;;0;13.01
209;SALAMANCA;MOTORTOWN;SALAMANCA;2026-09-02;79806;;0;28.16
21;LEGANES;AURGI;LEGANES;2026-09-02;26398;;0;254.66
21;LEGANES;AURGI;LEGANES;2026-09-02;26517;;0;33.87
21;LEGANES;AURGI;LEGANES;2026-09-02;26537;;0;7.27
21;LEGANES;AURGI;LEGANES;2026-09-02;26549;;0;9.22
21;LEGANES;AURGI;LEGANES;2026-09-02;26557;;0;50.23
21;LEGANES;AURGI;LEGANES;2026-09-02;26576;;0;213.61
21;LEGANES;AURGI;LEGANES;2026-09-02;26617;;0;100.83
210;POZUELO DE ALARCÓN;MOTORTOWN;POZUELO DE ALARCÓN;2026-09-02;24858;;0;3.73
210;POZUELO DE ALARCÓN;MOTORTOWN;POZUELO DE ALARCÓN;2026-09-02;24885;;0;27.89
210;POZUELO DE ALARCÓN;MOTORTOWN;POZUELO DE ALARCÓN;2026-09-02;24928;;0;25.20
210;POZUELO DE ALARCÓN;MOTORTOWN;POZUELO DE ALARCÓN;2026-09-02;24967;;0;14.01
210;POZUELO DE ALARCÓN;MOTORTOWN;POZUELO DE ALARCÓN;2026-09-02;24968;;0;25.31
210;POZUELO DE ALARCÓN;MOTORTOWN;POZUELO DE ALARCÓN;2026-09-02;76831;;0;84.10
213;EL BERCIAL;MOTORTOWN;GETAFE;2026-09-02;26457;;0;59.50
213;EL BERCIAL;MOTORTOWN;GETAFE;2026-09-02;26458;;0;14.87
213;EL BERCIAL;MOTORTOWN;GETAFE;2026-09-02;26510;;0;86.78
213;EL BERCIAL;MOTORTOWN;GETAFE;2026-09-02;26589;;0;61.78
213;EL BERCIAL;MOTORTOWN;GETAFE;2026-09-02;26596;;0;21.11
224;TALAVERA;MOTORTOWN;TALAVERA;2026-09-02;28756;;0;94.94
224;TALAVERA;MOTORTOWN;TALAVERA;2026-09-02;28781;;0;53.07
23;SAN SEBASTIAN;AURGI;SS REYES;2026-09-02;63794;;0;37.23
24;PINTO;AURGI;PINTO;2026-09-02;31689;;0;34.24
25;LAS ROZAS;AURGI;LAS ROZAS;2026-09-02;76705;;0;32.34
25;LAS ROZAS;AURGI;LAS ROZAS;2026-09-02;76791;;0;1.63
25;LAS ROZAS;AURGI;LAS ROZAS;2026-09-02;76812;;0;8.54
25;LAS ROZAS;AURGI;LAS ROZAS;2026-09-02;76908;;0;13.26
25;LAS ROZAS;AURGI;LAS ROZAS;2026-09-02;76980;;0;9.73
25;LAS ROZAS;AURGI;LAS ROZAS;2026-09-02;77011;;0;36.86
25;LAS ROZAS;AURGI;LAS ROZAS;2026-09-02;77034;;0;14.64
40;VALLECAS;AURGI;MADRID;2026-09-02;33197;;0;25.43
40;VALLECAS;AURGI;MADRID;2026-09-02;33273;;0;15.71
40;VALLECAS;AURGI;MADRID;2026-09-02;33286;;0;25.99
40;VALLECAS;AURGI;MADRID;2026-09-02;33291;;0;6.51
40;VALLECAS;AURGI;MADRID;2026-09-02;33293;;0;-365.58
40;VALLECAS;AURGI;MADRID;2026-09-02;33296;;0;140.86
40;VALLECAS;AURGI;MADRID;2026-09-02;33305;;0;96.62
40;VALLECAS;AURGI;MADRID;2026-09-02;33344;;0;7.05
40;VALLECAS;AURGI;MADRID;2026-09-02;33352;;0;93.51
40;VALLECAS;AURGI;MADRID;2026-09-02;33358;;0;15.25
40;VALLECAS;AURGI;MADRID;2026-09-02;33359;;0;7.05
45;ANTONIO LOPEZ;AURGI;MADRID;2026-09-02;25065;;0;28.06
45;ANTONIO LOPEZ;AURGI;MADRID;2026-09-02;25069;;0;82.22
45;ANTONIO LOPEZ;AURGI;MADRID;2026-09-02;25082;;0;-42.04
45;ANTONIO LOPEZ;AURGI;MADRID;2026-09-02;25083;;0;-140.02
45;ANTONIO LOPEZ;AURGI;MADRID;2026-09-02;25086;;0;-64.59
45;ANTONIO LOPEZ;AURGI;MADRID;2026-09-02;25107;;0;121.93
45;ANTONIO LOPEZ;AURGI;MADRID;2026-09-02;25125;;0;92.32
45;ANTONIO LOPEZ;AURGI;MADRID;2026-09-02;25176;;0;12.89
53;RIVAS;AURGI;RIVAS VACIAMADRID;2026-09-02;17161;;0;47.04
54;VILLALBA;AURGI;COLLADO VILLALBA;2026-09-02;62802;;0;43.20
54;VILLALBA;AURGI;COLLADO VILLALBA;2026-09-02;62803;;0;6.34
54;VILLALBA;AURGI;COLLADO VILLALBA;2026-09-02;62853;;0;10.91
54;VILLALBA;AURGI;COLLADO VILLALBA;2026-09-02;62878;;0;18.63
54;VILLALBA;AURGI;COLLADO VILLALBA;2026-09-02;62883;;0;35.14
54;VILLALBA;AURGI;COLLADO VILLALBA;2026-09-02;62884;;0;4.13
54;VILLALBA;AURGI;COLLADO VILLALBA;2026-09-02;62914;;0;-22.08
54;VILLALBA;AURGI;COLLADO VILLALBA;2026-09-02;62963;;0;40.06
54;VILLALBA;AURGI;COLLADO VILLALBA;2026-09-02;62966;;0;23.49
54;VILLALBA;AURGI;COLLADO VILLALBA;2026-09-02;62981;;0;60.80
54;VILLALBA;AURGI;COLLADO VILLALBA;2026-09-02;63028;;0;40.06
54;VILLALBA;AURGI;COLLADO VILLALBA;2026-09-02;63051;;0;27.44
54;VILLALBA;AURGI;COLLADO VILLALBA;2026-09-02;63087;;0;22.06
56;ALCALA DE HENARES;AURGI;ALCALA DE HENARES;2026-09-02;53522;;0;36.37
56;ALCALA DE HENARES;AURGI;ALCALA DE HENARES;2026-09-02;53645;;0;86.85
56;ALCALA DE HENARES;AURGI;ALCALA DE HENARES;2026-09-02;53765;;0;7.87
56;ALCALA DE HENARES;AURGI;ALCALA DE HENARES;2026-09-02;53828;;0;9.89
56;ALCALA DE HENARES;AURGI;ALCALA DE HENARES;2026-09-02;53841;;0;59.23
57;ALCOBENDAS;AURGI;ALCOBENDAS;2026-09-02;63736;;0;14.22
57;ALCOBENDAS;AURGI;ALCOBENDAS;2026-09-02;63911;;0;11.93
57;ALCOBENDAS;AURGI;ALCOBENDAS;2026-09-02;63916;;0;21.61
58;MOSTOLES;AURGI;MOSTOLES;2026-09-02;40141;;0;11.77
58;MOSTOLES;AURGI;MOSTOLES;2026-09-02;40215;;0;5.07
58;MOSTOLES;AURGI;MOSTOLES;2026-09-02;40234;;0;27.61
58;MOSTOLES;AURGI;MOSTOLES;2026-09-02;40258;;0;18.36
58;MOSTOLES;AURGI;MOSTOLES;2026-09-02;40294;;0;72.65
58;MOSTOLES;AURGI;MOSTOLES;2026-09-02;40303;;0;11.17
58;MOSTOLES;AURGI;MOSTOLES;2026-09-02;40352;;0;108.55
58;MOSTOLES;AURGI;MOSTOLES;2026-09-02;40353;;0;75.71
58;MOSTOLES;AURGI;MOSTOLES;2026-09-02;40354;;0;-82.86
58;MOSTOLES;AURGI;MOSTOLES;2026-09-02;40358;;0;18.91
58;MOSTOLES;AURGI;MOSTOLES;2026-09-02;40362;;0;27.77
58;MOSTOLES;AURGI;MOSTOLES;2026-09-02;40366;;0;22.46
59;VALDEMORO;AURGI;VALDEMORO;2026-09-02;23177;;0;2.06
59;VALDEMORO;AURGI;VALDEMORO;2026-09-02;23193;;0;4.66
59;VALDEMORO;AURGI;VALDEMORO;2026-09-02;23218;;0;6.90
59;VALDEMORO;AURGI;VALDEMORO;2026-09-02;23320;;0;39.89
61;ALCORCON;AURGI;ALCORCON;2026-09-02;46182;;0;88.33
61;ALCORCON;AURGI;ALCORCON;2026-09-02;46210;;0;70.33
61;ALCORCON;AURGI;ALCORCON;2026-09-02;46308;;0;118.45
61;ALCORCON;AURGI;ALCORCON;2026-09-02;46330;;0;10.58
61;ALCORCON;AURGI;ALCORCON;2026-09-02;46331;;0;9.44
61;ALCORCON;AURGI;ALCORCON;2026-09-02;46358;;0;-88.33
61;ALCORCON;AURGI;ALCORCON;2026-09-02;46374;;0;28.56
61;ALCORCON;AURGI;ALCORCON;2026-09-02;46395;;0;16.55
75;EMILIO MUÑOZ;AURGI;MADRID;2026-09-02;31250;;0;72.83
75;EMILIO MUÑOZ;AURGI;MADRID;2026-09-02;31296;;0;72.83
75;EMILIO MUÑOZ;AURGI;MADRID;2026-09-02;31347;;0;10.65
75;EMILIO MUÑOZ;AURGI;MADRID;2026-09-02;31374;;0;14.76
75;EMILIO MUÑOZ;AURGI;MADRID;2026-09-02;31376;;0;49.19
75;EMILIO MUÑOZ;AURGI;MADRID;2026-09-02;31398;;0;38.36
75;EMILIO MUÑOZ;AURGI;MADRID;2026-09-02;31459;;0;7.71
76;AVENIDA DE LOS TOREROS;AURGI;MADRID;2026-09-02;18995;;0;12.48
76;AVENIDA DE LOS TOREROS;AURGI;MADRID;2026-09-02;19010;;0;4.72
76;AVENIDA DE LOS TOREROS;AURGI;MADRID;2026-09-02;19014;;0;-12.48
76;AVENIDA DE LOS TOREROS;AURGI;MADRID;2026-09-02;19022;;0;121.29
76;AVENIDA DE LOS TOREROS;AURGI;MADRID;2026-09-02;19048;;0;59.34
77;ARGANDA DEL REY;AURGI;ARGANDA DEL REY;2026-09-02;37690;;0;7.22
77;ARGANDA DEL REY;AURGI;ARGANDA DEL REY;2026-09-02;37759;;0;20.52
77;ARGANDA DEL REY;AURGI;ARGANDA DEL REY;2026-09-02;37772;;0;13.85
77;ARGANDA DEL REY;AURGI;ARGANDA DEL REY;2026-09-02;37782;;0;36.55
79;MARQUES DE VADILLO;AURGI;MADRID;2026-09-02;37774;;0;13.94
79;MARQUES DE VADILLO;AURGI;MADRID;2026-09-02;37800;;0;6.98
79;MARQUES DE VADILLO;AURGI;MADRID;2026-09-02;37850;;0;6.34
79;MARQUES DE VADILLO;AURGI;MADRID;2026-09-02;37879;;0;29.72
79;MARQUES DE VADILLO;AURGI;MADRID;2026-09-02;37908;;0;22.97
89;LA VAGUADA;AURGI;MADRID;2026-09-02;30040;;0;21.95
154;ALUCHE;AURGI;MADRID;2026-09-03;38187;;0;7.82
172;GOYA;MOTORTOWN;MADRID;2026-09-03;19085;;0;-35.33
172;GOYA;MOTORTOWN;MADRID;2026-09-03;19093;;0;10.64
172;GOYA;MOTORTOWN;MADRID;2026-09-03;19128;;0;7.53
172;GOYA;MOTORTOWN;MADRID;2026-09-03;19163;;0;-27.95
172;GOYA;MOTORTOWN;MADRID;2026-09-03;19190;;0;7.01
172;GOYA;MOTORTOWN;MADRID;2026-09-03;31655;;0;16.67
172;GOYA;MOTORTOWN;MADRID;2026-09-03;31656;;0;-16.67
174;CASTELLANA;MOTORTOWN;MADRID;2026-09-03;30139;;0;14.76
174;CASTELLANA;MOTORTOWN;MADRID;2026-09-03;30167;;0;23.03
174;CASTELLANA;MOTORTOWN;MADRID;2026-09-03;30195;;0;44.43
190;SANCHINARRO;MOTORTOWN;MADRID;2026-09-03;62020;;0;50.80
190;SANCHINARRO;MOTORTOWN;MADRID;2026-09-03;63969;;0;30.32
190;SANCHINARRO;MOTORTOWN;MADRID;2026-09-03;63974;;0;33.65
190;SANCHINARRO;MOTORTOWN;MADRID;2026-09-03;63978;;0;7.05
190;SANCHINARRO;MOTORTOWN;MADRID;2026-09-03;64011;;0;27.03
190;SANCHINARRO;MOTORTOWN;MADRID;2026-09-03;64022;;0;12.93
190;SANCHINARRO;MOTORTOWN;MADRID;2026-09-03;64027;;0;33.23
190;SANCHINARRO;MOTORTOWN;MADRID;2026-09-03;64048;;0;30.64
190;SANCHINARRO;MOTORTOWN;MADRID;2026-09-03;64072;;0;-448.28
190;SANCHINARRO;MOTORTOWN;MADRID;2026-09-03;64080;;0;135.53
190;SANCHINARRO;MOTORTOWN;MADRID;2026-09-03;64086;;0;38.45
190;SANCHINARRO;MOTORTOWN;MADRID;2026-09-03;64114;;0;10.45
190;SANCHINARRO;MOTORTOWN;MADRID;2026-09-03;64120;;0;116.40
190;SANCHINARRO;MOTORTOWN;MADRID;2026-09-03;64236;;0;41.76
190;SANCHINARRO;MOTORTOWN;MADRID;2026-09-03;64273;;0;7.04
190;SANCHINARRO;MOTORTOWN;MADRID;2026-09-03;64275;;0;26.51
190;SANCHINARRO;MOTORTOWN;MADRID;2026-09-03;64277;;0;35.79
199;ALCALA DE HENARES;MOTORTOWN;ALCALA DE HENARES;2026-09-03;53928;;0;30.49
199;ALCALA DE HENARES;MOTORTOWN;ALCALA DE HENARES;2026-09-03;54133;;0;109.07
202;CAMPO DE LAS NACIONES;MOTORTOWN;MADRID;2026-09-03;31537;;0;21.96
202;CAMPO DE LAS NACIONES;MOTORTOWN;MADRID;2026-09-03;31575;;0;45.27
202;CAMPO DE LAS NACIONES;MOTORTOWN;MADRID;2026-09-03;31588;;0;48.48
202;CAMPO DE LAS NACIONES;MOTORTOWN;MADRID;2026-09-03;31590;;0;63.11
202;CAMPO DE LAS NACIONES;MOTORTOWN;MADRID;2026-09-03;31628;;0;45.51
202;CAMPO DE LAS NACIONES;MOTORTOWN;MADRID;2026-09-03;31638;;0;62.45
202;CAMPO DE LAS NACIONES;MOTORTOWN;MADRID;2026-09-03;31646;;0;18.07
202;CAMPO DE LAS NACIONES;MOTORTOWN;MADRID;2026-09-03;31654;;0;29.79
204;SAN JOSE DE VALDERAS;MOTORTOWN;ALCORCON;2026-09-03;46508;;0;61.75
204;SAN JOSE DE VALDERAS;MOTORTOWN;ALCORCON;2026-09-03;46574;;0;24.05
204;SAN JOSE DE VALDERAS;MOTORTOWN;ALCORCON;2026-09-03;46575;;0;30.65
204;SAN JOSE DE VALDERAS;MOTORTOWN;ALCORCON;2026-09-03;46590;;0;94.42
209;SALAMANCA;MOTORTOWN;SALAMANCA;2026-09-03;80337;;0;34.05
21;LEGANES;AURGI;LEGANES;2026-09-03;26657;;0;14.30
21;LEGANES;AURGI;LEGANES;2026-09-03;26832;;0;41.66
21;LEGANES;AURGI;LEGANES;2026-09-03;26860;;0;18.94
21;LEGANES;AURGI;LEGANES;2026-09-03;26862;;0;-130.32
21;LEGANES;AURGI;LEGANES;2026-09-03;26901;;0;54.52
210;POZUELO DE ALARCÓN;MOTORTOWN;POZUELO DE ALARCÓN;2026-09-03;25074;;0;24.81
210;POZUELO DE ALARCÓN;MOTORTOWN;POZUELO DE ALARCÓN;2026-09-03;25141;;0;61.27
210;POZUELO DE ALARCÓN;MOTORTOWN;POZUELO DE ALARCÓN;2026-09-03;25147;;0;141.61
210;POZUELO DE ALARCÓN;MOTORTOWN;POZUELO DE ALARCÓN;2026-09-03;25165;;0;51.75
210;POZUELO DE ALARCÓN;MOTORTOWN;POZUELO DE ALARCÓN;2026-09-03;25176;;0;16.08
213;EL BERCIAL;MOTORTOWN;GETAFE;2026-09-03;26720;;0;40.67
213;EL BERCIAL;MOTORTOWN;GETAFE;2026-09-03;26784;;0;19.19
224;TALAVERA;MOTORTOWN;TALAVERA;2026-09-03;28943;;0;152.82
224;TALAVERA;MOTORTOWN;TALAVERA;2026-09-03;28960;;0;-120.46
24;PINTO;AURGI;PINTO;2026-09-03;31729;;0;16.13
24;PINTO;AURGI;PINTO;2026-09-03;31758;;0;-66.27
24;PINTO;AURGI;PINTO;2026-09-03;31773;;0;142.44
24;PINTO;AURGI;PINTO;2026-09-03;31788;;0;18.45
24;PINTO;AURGI;PINTO;2026-09-03;31832;;0;80.56
24;PINTO;AURGI;PINTO;2026-09-03;31855;;0;17.12
25;LAS ROZAS;AURGI;LAS ROZAS;2026-09-03;77340;;0;87.95
40;VALLECAS;AURGI;MADRID;2026-09-03;33391;;0;12.62
40;VALLECAS;AURGI;MADRID;2026-09-03;33528;;0;27.02
45;ANTONIO LOPEZ;AURGI;MADRID;2026-09-03;25223;;0;7.24
45;ANTONIO LOPEZ;AURGI;MADRID;2026-09-03;25244;;0;21.83
45;ANTONIO LOPEZ;AURGI;MADRID;2026-09-03;25250;;0;34.36
45;ANTONIO LOPEZ;AURGI;MADRID;2026-09-03;25265;;0;27.81
45;ANTONIO LOPEZ;AURGI;MADRID;2026-09-03;25267;;0;28.01
45;ANTONIO LOPEZ;AURGI;MADRID;2026-09-03;25298;;0;4.57
53;RIVAS;AURGI;RIVAS VACIAMADRID;2026-09-03;17336;;0;2.32
54;VILLALBA;AURGI;COLLADO VILLALBA;2026-09-03;63227;;0;30.49
54;VILLALBA;AURGI;COLLADO VILLALBA;2026-09-03;63252;;0;11.98
54;VILLALBA;AURGI;COLLADO VILLALBA;2026-09-03;63282;;0;70.48
54;VILLALBA;AURGI;COLLADO VILLALBA;2026-09-03;63294;;0;-439.36
54;VILLALBA;AURGI;COLLADO VILLALBA;2026-09-03;63355;;0;3.99
54;VILLALBA;AURGI;COLLADO VILLALBA;2026-09-03;63356;;0;155.86
54;VILLALBA;AURGI;COLLADO VILLALBA;2026-09-03;63375;;0;15.06
54;VILLALBA;AURGI;COLLADO VILLALBA;2026-09-03;63381;;0;17.57
54;VILLALBA;AURGI;COLLADO VILLALBA;2026-09-03;63406;;0;22.78
54;VILLALBA;AURGI;COLLADO VILLALBA;2026-09-03;63410;;0;-161.17
54;VILLALBA;AURGI;COLLADO VILLALBA;2026-09-03;63412;;0;-100.91
54;VILLALBA;AURGI;COLLADO VILLALBA;2026-09-03;63421;;0;23.52
54;VILLALBA;AURGI;COLLADO VILLALBA;2026-09-03;63429;;0;7.05
54;VILLALBA;AURGI;COLLADO VILLALBA;2026-09-03;63445;;0;7.05
56;ALCALA DE HENARES;AURGI;ALCALA DE HENARES;2026-09-03;53914;;0;10.38
56;ALCALA DE HENARES;AURGI;ALCALA DE HENARES;2026-09-03;53976;;0;43.56
56;ALCALA DE HENARES;AURGI;ALCALA DE HENARES;2026-09-03;53977;;0;17.12
56;ALCALA DE HENARES;AURGI;ALCALA DE HENARES;2026-09-03;54004;;0;14.50
56;ALCALA DE HENARES;AURGI;ALCALA DE HENARES;2026-09-03;54008;;0;99.09
56;ALCALA DE HENARES;AURGI;ALCALA DE HENARES;2026-09-03;54010;;0;-99.09
56;ALCALA DE HENARES;AURGI;ALCALA DE HENARES;2026-09-03;54022;;0;17.12
56;ALCALA DE HENARES;AURGI;ALCALA DE HENARES;2026-09-03;54043;;0;36.20
56;ALCALA DE HENARES;AURGI;ALCALA DE HENARES;2026-09-03;54064;;0;80.31
56;ALCALA DE HENARES;AURGI;ALCALA DE HENARES;2026-09-03;54072;;0;-635.63
56;ALCALA DE HENARES;AURGI;ALCALA DE HENARES;2026-09-03;54126;;0;12.27
58;MOSTOLES;AURGI;MOSTOLES;2026-09-03;40529;;0;8.60
58;MOSTOLES;AURGI;MOSTOLES;2026-09-03;40538;;0;14.22
58;MOSTOLES;AURGI;MOSTOLES;2026-09-03;40548;;0;25.25
59;VALDEMORO;AURGI;VALDEMORO;2026-09-03;23370;;0;8.63
59;VALDEMORO;AURGI;VALDEMORO;2026-09-03;23382;;0;30.23
59;VALDEMORO;AURGI;VALDEMORO;2026-09-03;23415;;0;10.58
61;ALCORCON;AURGI;ALCORCON;2026-09-03;46517;;0;89.56
61;ALCORCON;AURGI;ALCORCON;2026-09-03;46564;;0;10.43
61;ALCORCON;AURGI;ALCORCON;2026-09-03;46571;;0;13.02
75;EMILIO MUÑOZ;AURGI;MADRID;2026-09-03;31468;;0;108.56
75;EMILIO MUÑOZ;AURGI;MADRID;2026-09-03;31482;;0;34.51
75;EMILIO MUÑOZ;AURGI;MADRID;2026-09-03;31505;;0;61.53
75;EMILIO MUÑOZ;AURGI;MADRID;2026-09-03;31506;;0;49.02
75;EMILIO MUÑOZ;AURGI;MADRID;2026-09-03;31507;;0;16.90
75;EMILIO MUÑOZ;AURGI;MADRID;2026-09-03;31515;;0;53.91
75;EMILIO MUÑOZ;AURGI;MADRID;2026-09-03;31518;;0;43.79
75;EMILIO MUÑOZ;AURGI;MADRID;2026-09-03;31523;;0;18.71
75;EMILIO MUÑOZ;AURGI;MADRID;2026-09-03;31544;;0;47.78
75;EMILIO MUÑOZ;AURGI;MADRID;2026-09-03;31651;;0;26.24
75;EMILIO MUÑOZ;AURGI;MADRID;2026-09-03;31653;;0;33.70
76;AVENIDA DE LOS TOREROS;AURGI;MADRID;2026-09-03;19071;;0;-6.33
76;AVENIDA DE LOS TOREROS;AURGI;MADRID;2026-09-03;19078;;0;-20.81
76;AVENIDA DE LOS TOREROS;AURGI;MADRID;2026-09-03;19083;;0;-35.42
76;AVENIDA DE LOS TOREROS;AURGI;MADRID;2026-09-03;19159;;0;-6.58
77;ARGANDA DEL REY;AURGI;ARGANDA DEL REY;2026-09-03;37886;;0;28.63
77;ARGANDA DEL REY;AURGI;ARGANDA DEL REY;2026-09-03;37999;;0;214.50
77;ARGANDA DEL REY;AURGI;ARGANDA DEL REY;2026-09-03;38001;;0;27.01
78;OLIAS DEL REY;AURGI;OLÍAS DEL REY;2026-09-03;79537;;0;14.10
78;OLIAS DEL REY;AURGI;OLÍAS DEL REY;2026-09-03;79544;;0;125.76
78;OLIAS DEL REY;AURGI;OLÍAS DEL REY;2026-09-03;79745;;0;51.97
78;OLIAS DEL REY;AURGI;OLÍAS DEL REY;2026-09-03;79770;;0;39.89
79;MARQUES DE VADILLO;AURGI;MADRID;2026-09-03;37969;;0;46.34
79;MARQUES DE VADILLO;AURGI;MADRID;2026-09-03;38000;;0;63.79
79;MARQUES DE VADILLO;AURGI;MADRID;2026-09-03;38085;;0;6.34
79;MARQUES DE VADILLO;AURGI;MADRID;2026-09-03;38097;;0;-43.37
79;MARQUES DE VADILLO;AURGI;MADRID;2026-09-03;38141;;0;46.48
79;MARQUES DE VADILLO;AURGI;MADRID;2026-09-03;38157;;0;26.56
79;MARQUES DE VADILLO;AURGI;MADRID;2026-09-03;38168;;0;30.56
89;LA VAGUADA;AURGI;MADRID;2026-09-03;30092;;0;7.05
89;LA VAGUADA;AURGI;MADRID;2026-09-03;30134;;0;26.10
89;LA VAGUADA;AURGI;MADRID;2026-09-03;30182;;0;10.27
154;ALUCHE;AURGI;MADRID;2026-09-04;38264;;0;102.45
154;ALUCHE;AURGI;MADRID;2026-09-04;38396;;0;137.09
172;GOYA;MOTORTOWN;MADRID;2026-09-04;19196;;0;9.67
172;GOYA;MOTORTOWN;MADRID;2026-09-04;19250;;0;4.79
172;GOYA;MOTORTOWN;MADRID;2026-09-04;19263;;0;28.06
172;GOYA;MOTORTOWN;MADRID;2026-09-04;19266;;0;40.41
190;SANCHINARRO;MOTORTOWN;MADRID;2026-09-04;64373;;0;-922.73
190;SANCHINARRO;MOTORTOWN;MADRID;2026-09-04;64376;;0;164.92
190;SANCHINARRO;MOTORTOWN;MADRID;2026-09-04;64382;;0;8.49
190;SANCHINARRO;MOTORTOWN;MADRID;2026-09-04;64399;;0;-102.39
190;SANCHINARRO;MOTORTOWN;MADRID;2026-09-04;64400;;0;125.76
190;SANCHINARRO;MOTORTOWN;MADRID;2026-09-04;64443;;0;300.71
190;SANCHINARRO;MOTORTOWN;MADRID;2026-09-04;64470;;0;150.49
190;SANCHINARRO;MOTORTOWN;MADRID;2026-09-04;64496;;0;30.53
190;SANCHINARRO;MOTORTOWN;MADRID;2026-09-04;64532;;0;39.54
190;SANCHINARRO;MOTORTOWN;MADRID;2026-09-04;64539;;0;41.81
190;SANCHINARRO;MOTORTOWN;MADRID;2026-09-04;64590;;0;34.69
190;SANCHINARRO;MOTORTOWN;MADRID;2026-09-04;64601;;0;10.32
199;ALCALA DE HENARES;MOTORTOWN;ALCALA DE HENARES;2026-09-04;54256;;0;48.92
199;ALCALA DE HENARES;MOTORTOWN;ALCALA DE HENARES;2026-09-04;54342;;0;40.08
202;CAMPO DE LAS NACIONES;MOTORTOWN;MADRID;2026-09-04;31662;;0;10.27
202;CAMPO DE LAS NACIONES;MOTORTOWN;MADRID;2026-09-04;31752;;0;187.53
202;CAMPO DE LAS NACIONES;MOTORTOWN;MADRID;2026-09-04;31795;;0;60.38
204;SAN JOSE DE VALDERAS;MOTORTOWN;ALCORCON;2026-09-04;46732;;0;19.09
204;SAN JOSE DE VALDERAS;MOTORTOWN;ALCORCON;2026-09-04;46808;;0;100.53
204;SAN JOSE DE VALDERAS;MOTORTOWN;ALCORCON;2026-09-04;46836;;0;30.49
204;SAN JOSE DE VALDERAS;MOTORTOWN;ALCORCON;2026-09-04;46843;;0;34.12
21;LEGANES;AURGI;LEGANES;2026-09-04;26913;;0;9.06
21;LEGANES;AURGI;LEGANES;2026-09-04;27064;;0;121.12
21;LEGANES;AURGI;LEGANES;2026-09-04;27081;;0;27.81
21;LEGANES;AURGI;LEGANES;2026-09-04;27102;;0;18.97
21;LEGANES;AURGI;LEGANES;2026-09-04;27110;;0;27.70
210;POZUELO DE ALARCÓN;MOTORTOWN;POZUELO DE ALARCÓN;2026-09-04;25183;;0;120.60
210;POZUELO DE ALARCÓN;MOTORTOWN;POZUELO DE ALARCÓN;2026-09-04;25232;;0;18.85
210;POZUELO DE ALARCÓN;MOTORTOWN;POZUELO DE ALARCÓN;2026-09-04;25240;;0;184.50
210;POZUELO DE ALARCÓN;MOTORTOWN;POZUELO DE ALARCÓN;2026-09-04;25251;;0;14.36
210;POZUELO DE ALARCÓN;MOTORTOWN;POZUELO DE ALARCÓN;2026-09-04;25264;;0;20.82
210;POZUELO DE ALARCÓN;MOTORTOWN;POZUELO DE ALARCÓN;2026-09-04;25277;;0;15.33
210;POZUELO DE ALARCÓN;MOTORTOWN;POZUELO DE ALARCÓN;2026-09-04;25286;;0;26.14
210;POZUELO DE ALARCÓN;MOTORTOWN;POZUELO DE ALARCÓN;2026-09-04;25288;;0;124.38
210;POZUELO DE ALARCÓN;MOTORTOWN;POZUELO DE ALARCÓN;2026-09-04;25311;;0;103.23
210;POZUELO DE ALARCÓN;MOTORTOWN;POZUELO DE ALARCÓN;2026-09-04;25312;;0;32.59
210;POZUELO DE ALARCÓN;MOTORTOWN;POZUELO DE ALARCÓN;2026-09-04;25314;;0;59.77
210;POZUELO DE ALARCÓN;MOTORTOWN;POZUELO DE ALARCÓN;2026-09-04;25318;;0;73.19
210;POZUELO DE ALARCÓN;MOTORTOWN;POZUELO DE ALARCÓN;2026-09-04;25319;;0;94.34
210;POZUELO DE ALARCÓN;MOTORTOWN;POZUELO DE ALARCÓN;2026-09-04;25322;;0;10.07
213;EL BERCIAL;MOTORTOWN;GETAFE;2026-09-04;26999;;0;60.46
213;EL BERCIAL;MOTORTOWN;GETAFE;2026-09-04;27004;;0;26.62
213;EL BERCIAL;MOTORTOWN;GETAFE;2026-09-04;27044;;0;39.40
213;EL BERCIAL;MOTORTOWN;GETAFE;2026-09-04;27059;;0;17.77
213;EL BERCIAL;MOTORTOWN;GETAFE;2026-09-04;27060;;0;39.42
213;EL BERCIAL;MOTORTOWN;GETAFE;2026-09-04;27065;;0;29.29
213;EL BERCIAL;MOTORTOWN;GETAFE;2026-09-04;27066;;0;13.71
213;EL BERCIAL;MOTORTOWN;GETAFE;2026-09-04;27097;;0;52.43
224;TALAVERA;MOTORTOWN;TALAVERA;2026-09-04;29113;;0;8.72
23;SAN SEBASTIAN;AURGI;SS REYES;2026-09-04;64409;;0;100.91
24;PINTO;AURGI;PINTO;2026-09-04;31969;;0;8.78
25;LAS ROZAS;AURGI;LAS ROZAS;2026-09-04;77599;;0;12.27
25;LAS ROZAS;AURGI;LAS ROZAS;2026-09-04;77600;;0;8.01
25;LAS ROZAS;AURGI;LAS ROZAS;2026-09-04;77664;;0;-360.04
40;VALLECAS;AURGI;MADRID;2026-09-04;33682;;0;7.05
40;VALLECAS;AURGI;MADRID;2026-09-04;33683;;0;10.39
40;VALLECAS;AURGI;MADRID;2026-09-04;33689;;0;21.82
40;VALLECAS;AURGI;MADRID;2026-09-04;33690;;0;-5.46
45;ANTONIO LOPEZ;AURGI;MADRID;2026-09-04;25316;;0;111.72
45;ANTONIO LOPEZ;AURGI;MADRID;2026-09-04;25343;;0;10.91
45;ANTONIO LOPEZ;AURGI;MADRID;2026-09-04;25356;;0;39.05
45;ANTONIO LOPEZ;AURGI;MADRID;2026-09-04;25366;;0;155.75
45;ANTONIO LOPEZ;AURGI;MADRID;2026-09-04;25394;;0;108.15
53;RIVAS;AURGI;RIVAS VACIAMADRID;2026-09-04;17348;;0;5.74
53;RIVAS;AURGI;RIVAS VACIAMADRID;2026-09-04;17360;;0;-70.71
53;RIVAS;AURGI;RIVAS VACIAMADRID;2026-09-04;17369;;0;8.06
54;VILLALBA;AURGI;COLLADO VILLALBA;2026-09-04;63696;;0;31.96
54;VILLALBA;AURGI;COLLADO VILLALBA;2026-09-04;63705;;0;43.61
54;VILLALBA;AURGI;COLLADO VILLALBA;2026-09-04;63714;;0;47.55
54;VILLALBA;AURGI;COLLADO VILLALBA;2026-09-04;63748;;0;31.62
54;VILLALBA;AURGI;COLLADO VILLALBA;2026-09-04;63779;;0;15.95
56;ALCALA DE HENARES;AURGI;ALCALA DE HENARES;2026-09-04;54352;;0;43.61
57;ALCOBENDAS;AURGI;ALCOBENDAS;2026-09-04;64361;;0;-38.09
57;ALCOBENDAS;AURGI;ALCOBENDAS;2026-09-04;64596;;0;106.08
57;ALCOBENDAS;AURGI;ALCOBENDAS;2026-09-04;64600;;0;14.10
58;MOSTOLES;AURGI;MOSTOLES;2026-09-04;40606;;0;9.50
58;MOSTOLES;AURGI;MOSTOLES;2026-09-04;40682;;0;22.14
58;MOSTOLES;AURGI;MOSTOLES;2026-09-04;40686;;0;21.80
58;MOSTOLES;AURGI;MOSTOLES;2026-09-04;40722;;0;11.69
59;VALDEMORO;AURGI;VALDEMORO;2026-09-04;23477;;0;11.04
59;VALDEMORO;AURGI;VALDEMORO;2026-09-04;23479;;0;5.90
61;ALCORCON;AURGI;ALCORCON;2026-09-04;46782;;0;13.50
61;ALCORCON;AURGI;ALCORCON;2026-09-04;46815;;0;53.77
75;EMILIO MUÑOZ;AURGI;MADRID;2026-09-04;31709;;0;22.58
75;EMILIO MUÑOZ;AURGI;MADRID;2026-09-04;31721;;0;-316.55
75;EMILIO MUÑOZ;AURGI;MADRID;2026-09-04;31723;;0;27.90
75;EMILIO MUÑOZ;AURGI;MADRID;2026-09-04;31757;;0;-263.21
75;EMILIO MUÑOZ;AURGI;MADRID;2026-09-04;31764;;0;18.30
75;EMILIO MUÑOZ;AURGI;MADRID;2026-09-04;31783;;0;13.98
75;EMILIO MUÑOZ;AURGI;MADRID;2026-09-04;31811;;0;7.22
75;EMILIO MUÑOZ;AURGI;MADRID;2026-09-04;31813;;0;-80.21
78;OLIAS DEL REY;AURGI;OLÍAS DEL REY;2026-09-04;79910;;0;12.51
78;OLIAS DEL REY;AURGI;OLÍAS DEL REY;2026-09-04;79975;;0;35.39
78;OLIAS DEL REY;AURGI;OLÍAS DEL REY;2026-09-04;80007;;0;36.66
78;OLIAS DEL REY;AURGI;OLÍAS DEL REY;2026-09-04;80056;;0;32.26
79;MARQUES DE VADILLO;AURGI;MADRID;2026-09-04;38287;;0;11.14
79;MARQUES DE VADILLO;AURGI;MADRID;2026-09-04;38289;;0;40.12
79;MARQUES DE VADILLO;AURGI;MADRID;2026-09-04;38301;;0;10.65
79;MARQUES DE VADILLO;AURGI;MADRID;2026-09-04;38305;;0;3.55
79;MARQUES DE VADILLO;AURGI;MADRID;2026-09-04;38307;;0;10.36
79;MARQUES DE VADILLO;AURGI;MADRID;2026-09-04;38331;;0;20.73
79;MARQUES DE VADILLO;AURGI;MADRID;2026-09-04;38337;;0;11.65
79;MARQUES DE VADILLO;AURGI;MADRID;2026-09-04;38383;;0;96.64
89;LA VAGUADA;AURGI;MADRID;2026-09-04;30265;;0;95.72
89;LA VAGUADA;AURGI;MADRID;2026-09-04;30366;;0;-124.18
89;LA VAGUADA;AURGI;MADRID;2026-09-04;64448;;0;27.99
172;GOYA;MOTORTOWN;MADRID;2026-09-05;19293;;0;4.91
172;GOYA;MOTORTOWN;MADRID;2026-09-05;54387;;0;4.91
172;GOYA;MOTORTOWN;MADRID;2026-09-05;54388;;0;-4.91
190;SANCHINARRO;MOTORTOWN;MADRID;2026-09-05;64616;;0;22.58
190;SANCHINARRO;MOTORTOWN;MADRID;2026-09-05;64617;;0;7.10
190;SANCHINARRO;MOTORTOWN;MADRID;2026-09-05;64624;;0;74.27
190;SANCHINARRO;MOTORTOWN;MADRID;2026-09-05;64626;;0;39.58
190;SANCHINARRO;MOTORTOWN;MADRID;2026-09-05;64634;;0;1.20
190;SANCHINARRO;MOTORTOWN;MADRID;2026-09-05;64637;;0;134.25
190;SANCHINARRO;MOTORTOWN;MADRID;2026-09-05;64649;;0;23.98
190;SANCHINARRO;MOTORTOWN;MADRID;2026-09-05;64652;;0;7.05
190;SANCHINARRO;MOTORTOWN;MADRID;2026-09-05;64655;;0;7.05
190;SANCHINARRO;MOTORTOWN;MADRID;2026-09-05;64662;;0;40.29
199;ALCALA DE HENARES;MOTORTOWN;ALCALA DE HENARES;2026-09-05;54391;;0;6.27
202;CAMPO DE LAS NACIONES;MOTORTOWN;MADRID;2026-09-05;54390;;0;30.49
202;CAMPO DE LAS NACIONES;MOTORTOWN;MADRID;2026-09-05;54392;;0;54.22
204;SAN JOSE DE VALDERAS;MOTORTOWN;ALCORCON;2026-09-05;46867;;0;34.47
204;SAN JOSE DE VALDERAS;MOTORTOWN;ALCORCON;2026-09-05;46873;;0;76.94
21;LEGANES;AURGI;LEGANES;2026-09-05;23668;;0;10.42
21;LEGANES;AURGI;LEGANES;2026-09-05;23683;;0;228.29
210;POZUELO DE ALARCÓN;MOTORTOWN;POZUELO DE ALARCÓN;2026-09-05;25323;;0;7.71
210;POZUELO DE ALARCÓN;MOTORTOWN;POZUELO DE ALARCÓN;2026-09-05;77901;;0;17.02
210;POZUELO DE ALARCÓN;MOTORTOWN;POZUELO DE ALARCÓN;2026-09-05;77922;;0;8.06
213;EL BERCIAL;MOTORTOWN;GETAFE;2026-09-05;23680;;0;39.30
213;EL BERCIAL;MOTORTOWN;GETAFE;2026-09-05;23681;;0;39.30
23;SAN SEBASTIAN;AURGI;SS REYES;2026-09-05;64641;;0;58.66
23;SAN SEBASTIAN;AURGI;SS REYES;2026-09-05;64653;;0;26.62
24;PINTO;AURGI;PINTO;2026-09-05;32024;;0;4.66
40;VALLECAS;AURGI;MADRID;2026-09-05;33705;;0;-5.46
40;VALLECAS;AURGI;MADRID;2026-09-05;33707;;0;61.78
40;VALLECAS;AURGI;MADRID;2026-09-05;33708;;0;16.13
45;ANTONIO LOPEZ;AURGI;MADRID;2026-09-05;25444;;0;6.17
45;ANTONIO LOPEZ;AURGI;MADRID;2026-09-05;25454;;0;12.48
53;RIVAS;AURGI;RIVAS VACIAMADRID;2026-09-05;38201;;0;25.79
54;VILLALBA;AURGI;COLLADO VILLALBA;2026-09-05;63828;;0;-185.89
54;VILLALBA;AURGI;COLLADO VILLALBA;2026-09-05;63840;;0;50.26
54;VILLALBA;AURGI;COLLADO VILLALBA;2026-09-05;63842;;0;8.42
56;ALCALA DE HENARES;AURGI;ALCALA DE HENARES;2026-09-05;54362;;0;96.28
56;ALCALA DE HENARES;AURGI;ALCALA DE HENARES;2026-09-05;54382;;0;30.17
57;ALCOBENDAS;AURGI;ALCOBENDAS;2026-09-05;64642;;0;112.38
57;ALCOBENDAS;AURGI;ALCOBENDAS;2026-09-05;64645;;0;74.21
57;ALCOBENDAS;AURGI;ALCOBENDAS;2026-09-05;64646;;0;-77.88
58;MOSTOLES;AURGI;MOSTOLES;2026-09-05;40740;;0;12.12
58;MOSTOLES;AURGI;MOSTOLES;2026-09-05;40758;;0;-259.74
58;MOSTOLES;AURGI;MOSTOLES;2026-09-05;40767;;0;-343.18
58;MOSTOLES;AURGI;MOSTOLES;2026-09-05;40768;;0;7.95
58;MOSTOLES;AURGI;MOSTOLES;2026-09-05;40770;;0;-132.60
61;ALCORCON;AURGI;ALCORCON;2026-09-05;46851;;0;53.77
77;ARGANDA DEL REY;AURGI;ARGANDA DEL REY;2026-09-05;38208;;0;19.01
79;MARQUES DE VADILLO;AURGI;MADRID;2026-09-05;38409;;0;22.51
79;MARQUES DE VADILLO;AURGI;MADRID;2026-09-05;38428;;0;-125.73
190;SANCHINARRO;MOTORTOWN;MADRID;2026-09-06;64667;;0;6.17
190;SANCHINARRO;MOTORTOWN;MADRID;2026-09-06;64669;;0;27.37
199;ALCALA DE HENARES;MOTORTOWN;ALCALA DE HENARES;2026-09-06;54395;;0;84.01
202;CAMPO DE LAS NACIONES;MOTORTOWN;MADRID;2026-09-06;31816;;0;30.49
202;CAMPO DE LAS NACIONES;MOTORTOWN;MADRID;2026-09-06;31817;;0;58.07
202;CAMPO DE LAS NACIONES;MOTORTOWN;MADRID;2026-09-06;54406;;0;-84.71
154;ALUCHE;AURGI;MADRID;2026-09-07;38507;;0;89.21
154;ALUCHE;AURGI;MADRID;2026-09-07;38510;;0;31.58
154;ALUCHE;AURGI;MADRID;2026-09-07;38533;;0;63.43
154;ALUCHE;AURGI;MADRID;2026-09-07;38586;;0;18.16
154;ALUCHE;AURGI;MADRID;2026-09-07;38634;;0;16.13
190;SANCHINARRO;MOTORTOWN;MADRID;2026-09-07;64685;;0;22.99
190;SANCHINARRO;MOTORTOWN;MADRID;2026-09-07;64727;;0;-432.78
190;SANCHINARRO;MOTORTOWN;MADRID;2026-09-07;64736;;0;-21.72
190;SANCHINARRO;MOTORTOWN;MADRID;2026-09-07;64739;;0;77.88
190;SANCHINARRO;MOTORTOWN;MADRID;2026-09-07;64741;;0;-77.88
190;SANCHINARRO;MOTORTOWN;MADRID;2026-09-07;64813;;0;30.53
190;SANCHINARRO;MOTORTOWN;MADRID;2026-09-07;64926;;0;7.05
190;SANCHINARRO;MOTORTOWN;MADRID;2026-09-07;65030;;0;33.41
190;SANCHINARRO;MOTORTOWN;MADRID;2026-09-07;65034;;0;-726.90
190;SANCHINARRO;MOTORTOWN;MADRID;2026-09-07;65048;;0;25.46
190;SANCHINARRO;MOTORTOWN;MADRID;2026-09-07;65058;;0;5.34
190;SANCHINARRO;MOTORTOWN;MADRID;2026-09-07;65059;;0;40.20
199;ALCALA DE HENARES;MOTORTOWN;ALCALA DE HENARES;2026-09-07;54605;;0;19.89
199;ALCALA DE HENARES;MOTORTOWN;ALCALA DE HENARES;2026-09-07;54606;;0;6.06
199;ALCALA DE HENARES;MOTORTOWN;ALCALA DE HENARES;2026-09-07;54609;;0;33.63
199;ALCALA DE HENARES;MOTORTOWN;ALCALA DE HENARES;2026-09-07;54723;;0;77.42
202;CAMPO DE LAS NACIONES;MOTORTOWN;MADRID;2026-09-07;31824;;0;38.37
202;CAMPO DE LAS NACIONES;MOTORTOWN;MADRID;2026-09-07;31877;;0;7.05
202;CAMPO DE LAS NACIONES;MOTORTOWN;MADRID;2026-09-07;31883;;0;58.85
204;SAN JOSE DE VALDERAS;MOTORTOWN;ALCORCON;2026-09-07;46883;;0;54.33
204;SAN JOSE DE VALDERAS;MOTORTOWN;ALCORCON;2026-09-07;46963;;0;67.54
204;SAN JOSE DE VALDERAS;MOTORTOWN;ALCORCON;2026-09-07;47006;;0;46.75
209;SALAMANCA;MOTORTOWN;SALAMANCA;2026-09-07;80943;;0;54.57
209;SALAMANCA;MOTORTOWN;SALAMANCA;2026-09-07;81028;;0;-73.63
21;LEGANES;AURGI;LEGANES;2026-09-07;27124;;0;17.02
21;LEGANES;AURGI;LEGANES;2026-09-07;27338;;0;19.00
21;LEGANES;AURGI;LEGANES;2026-09-07;27343;;0;10.14
210;POZUELO DE ALARCÓN;MOTORTOWN;POZUELO DE ALARCÓN;2026-09-07;25344;;0;15.33
210;POZUELO DE ALARCÓN;MOTORTOWN;POZUELO DE ALARCÓN;2026-09-07;25387;;0;94.34
210;POZUELO DE ALARCÓN;MOTORTOWN;POZUELO DE ALARCÓN;2026-09-07;25412;;0;65.32
210;POZUELO DE ALARCÓN;MOTORTOWN;POZUELO DE ALARCÓN;2026-09-07;25414;;0;7.87
210;POZUELO DE ALARCÓN;MOTORTOWN;POZUELO DE ALARCÓN;2026-09-07;25416;;0;23.06
210;POZUELO DE ALARCÓN;MOTORTOWN;POZUELO DE ALARCÓN;2026-09-07;25417;;0;61.31
210;POZUELO DE ALARCÓN;MOTORTOWN;POZUELO DE ALARCÓN;2026-09-07;25420;;0;130.93
210;POZUELO DE ALARCÓN;MOTORTOWN;POZUELO DE ALARCÓN;2026-09-07;25439;;0;-51.75
210;POZUELO DE ALARCÓN;MOTORTOWN;POZUELO DE ALARCÓN;2026-09-07;25450;;0;-130.93
210;POZUELO DE ALARCÓN;MOTORTOWN;POZUELO DE ALARCÓN;2026-09-07;25451;;0;14.01
210;POZUELO DE ALARCÓN;MOTORTOWN;POZUELO DE ALARCÓN;2026-09-07;25453;;0;-142.01
210;POZUELO DE ALARCÓN;MOTORTOWN;POZUELO DE ALARCÓN;2026-09-07;25467;;0;10.37
213;EL BERCIAL;MOTORTOWN;GETAFE;2026-09-07;27125;;0;6.24
213;EL BERCIAL;MOTORTOWN;GETAFE;2026-09-07;27126;;0;12.49
213;EL BERCIAL;MOTORTOWN;GETAFE;2026-09-07;27127;;0;20.07
213;EL BERCIAL;MOTORTOWN;GETAFE;2026-09-07;27166;;0;31.15
213;EL BERCIAL;MOTORTOWN;GETAFE;2026-09-07;27181;;0;29.29
213;EL BERCIAL;MOTORTOWN;GETAFE;2026-09-07;27221;;0;17.59
213;EL BERCIAL;MOTORTOWN;GETAFE;2026-09-07;27251;;0;5.13
213;EL BERCIAL;MOTORTOWN;GETAFE;2026-09-07;27295;;0;17.05
213;EL BERCIAL;MOTORTOWN;GETAFE;2026-09-07;27349;;0;25.57
23;SAN SEBASTIAN;AURGI;SS REYES;2026-09-07;64729;;0;33.11
23;SAN SEBASTIAN;AURGI;SS REYES;2026-09-07;64857;;0;4.49
24;PINTO;AURGI;PINTO;2026-09-07;32197;;0;30.52
24;PINTO;AURGI;PINTO;2026-09-07;32220;;0;28.80
40;VALLECAS;AURGI;MADRID;2026-09-07;33898;;0;126.65
40;VALLECAS;AURGI;MADRID;2026-09-07;33899;;0;16.64
45;ANTONIO LOPEZ;AURGI;MADRID;2026-09-07;25489;;0;140.05
45;ANTONIO LOPEZ;AURGI;MADRID;2026-09-07;25496;;0;6.52
45;ANTONIO LOPEZ;AURGI;MADRID;2026-09-07;25501;;0;14.64
45;ANTONIO LOPEZ;AURGI;MADRID;2026-09-07;25504;;0;5.93
45;ANTONIO LOPEZ;AURGI;MADRID;2026-09-07;25506;;0;12.48
45;ANTONIO LOPEZ;AURGI;MADRID;2026-09-07;25561;;0;28.17
45;ANTONIO LOPEZ;AURGI;MADRID;2026-09-07;25628;;0;76.40
53;RIVAS;AURGI;RIVAS VACIAMADRID;2026-09-07;17468;;0;58.07
53;RIVAS;AURGI;RIVAS VACIAMADRID;2026-09-07;17476;;0;58.07
53;RIVAS;AURGI;RIVAS VACIAMADRID;2026-09-07;17484;;0;30.04
53;RIVAS;AURGI;RIVAS VACIAMADRID;2026-09-07;17496;;0;-58.07
53;RIVAS;AURGI;RIVAS VACIAMADRID;2026-09-07;17502;;0;88.75
54;VILLALBA;AURGI;COLLADO VILLALBA;2026-09-07;63893;;0;10.30
54;VILLALBA;AURGI;COLLADO VILLALBA;2026-09-07;63909;;0;13.77
54;VILLALBA;AURGI;COLLADO VILLALBA;2026-09-07;63930;;0;8.51
54;VILLALBA;AURGI;COLLADO VILLALBA;2026-09-07;63944;;0;18.49
54;VILLALBA;AURGI;COLLADO VILLALBA;2026-09-07;63960;;0;22.55
54;VILLALBA;AURGI;COLLADO VILLALBA;2026-09-07;63976;;0;29.33
54;VILLALBA;AURGI;COLLADO VILLALBA;2026-09-07;64069;;0;4.94
54;VILLALBA;AURGI;COLLADO VILLALBA;2026-09-07;64074;;0;10.03
54;VILLALBA;AURGI;COLLADO VILLALBA;2026-09-07;64081;;0;21.80
54;VILLALBA;AURGI;COLLADO VILLALBA;2026-09-07;64092;;0;20.72
54;VILLALBA;AURGI;COLLADO VILLALBA;2026-09-07;64168;;0;44.62
54;VILLALBA;AURGI;COLLADO VILLALBA;2026-09-07;64224;;0;21.80
56;ALCALA DE HENARES;AURGI;ALCALA DE HENARES;2026-09-07;54513;;0;5.76
56;ALCALA DE HENARES;AURGI;ALCALA DE HENARES;2026-09-07;54601;;0;437.78
56;ALCALA DE HENARES;AURGI;ALCALA DE HENARES;2026-09-07;54644;;0;89.81
56;ALCALA DE HENARES;AURGI;ALCALA DE HENARES;2026-09-07;54683;;0;11.86
56;ALCALA DE HENARES;AURGI;ALCALA DE HENARES;2026-09-07;54762;;0;16.11
57;ALCOBENDAS;AURGI;ALCOBENDAS;2026-09-07;64831;;0;1.02
57;ALCOBENDAS;AURGI;ALCOBENDAS;2026-09-07;65050;;0;171.47
58;MOSTOLES;AURGI;MOSTOLES;2026-09-07;40797;;0;21.80
58;MOSTOLES;AURGI;MOSTOLES;2026-09-07;40925;;0;92.19
58;MOSTOLES;AURGI;MOSTOLES;2026-09-07;40949;;0;5.45
58;MOSTOLES;AURGI;MOSTOLES;2026-09-07;41008;;0;9.44
58;MOSTOLES;AURGI;MOSTOLES;2026-09-07;41010;;0;49.96
59;VALDEMORO;AURGI;VALDEMORO;2026-09-07;23715;;0;27.59
61;ALCORCON;AURGI;ALCORCON;2026-09-07;46903;;0;42.24
61;ALCORCON;AURGI;ALCORCON;2026-09-07;47075;;0;36.24
75;EMILIO MUÑOZ;AURGI;MADRID;2026-09-07;31819;;0;21.66
75;EMILIO MUÑOZ;AURGI;MADRID;2026-09-07;31891;;0;8.52
75;EMILIO MUÑOZ;AURGI;MADRID;2026-09-07;31892;;0;8.06
75;EMILIO MUÑOZ;AURGI;MADRID;2026-09-07;31899;;0;20.23
75;EMILIO MUÑOZ;AURGI;MADRID;2026-09-07;31904;;0;-114.68
75;EMILIO MUÑOZ;AURGI;MADRID;2026-09-07;31950;;0;6.99
75;EMILIO MUÑOZ;AURGI;MADRID;2026-09-07;31958;;0;30.58
75;EMILIO MUÑOZ;AURGI;MADRID;2026-09-07;31960;;0;28.82
75;EMILIO MUÑOZ;AURGI;MADRID;2026-09-07;31987;;0;26.58
75;EMILIO MUÑOZ;AURGI;MADRID;2026-09-07;32018;;0;41.76
76;AVENIDA DE LOS TOREROS;AURGI;MADRID;2026-09-07;19354;;0;14.71
78;OLIAS DEL REY;AURGI;OLÍAS DEL REY;2026-09-07;80360;;0;18.97
79;MARQUES DE VADILLO;AURGI;MADRID;2026-09-07;38488;;0;41.76
79;MARQUES DE VADILLO;AURGI;MADRID;2026-09-07;38608;;0;6.27
89;LA VAGUADA;AURGI;MADRID;2026-09-07;30419;;0;8.06
89;LA VAGUADA;AURGI;MADRID;2026-09-07;30469;;0;5.36
89;LA VAGUADA;AURGI;MADRID;2026-09-07;30508;;0;-120.30
154;ALUCHE;AURGI;MADRID;2026-09-08;38717;;0;12.12
172;GOYA;MOTORTOWN;MADRID;2026-09-08;19520;;0;74.00
174;CASTELLANA;MOTORTOWN;MADRID;2026-09-08;30706;;0;19.74
190;SANCHINARRO;MOTORTOWN;MADRID;2026-09-08;65063;;0;64.80
190;SANCHINARRO;MOTORTOWN;MADRID;2026-09-08;65154;;0;71.20
190;SANCHINARRO;MOTORTOWN;MADRID;2026-09-08;65166;;0;7.05
190;SANCHINARRO;MOTORTOWN;MADRID;2026-09-08;65200;;0;7.05
190;SANCHINARRO;MOTORTOWN;MADRID;2026-09-08;65317;;0;5.81
190;SANCHINARRO;MOTORTOWN;MADRID;2026-09-08;65356;;0;8.06
199;ALCALA DE HENARES;MOTORTOWN;ALCALA DE HENARES;2026-09-08;54895;;0;31.02
199;ALCALA DE HENARES;MOTORTOWN;ALCALA DE HENARES;2026-09-08;54903;;0;63.90
202;CAMPO DE LAS NACIONES;MOTORTOWN;MADRID;2026-09-08;32094;;0;74.27
202;CAMPO DE LAS NACIONES;MOTORTOWN;MADRID;2026-09-08;32106;;0;8.40
202;CAMPO DE LAS NACIONES;MOTORTOWN;MADRID;2026-09-08;32134;;0;11.35
202;CAMPO DE LAS NACIONES;MOTORTOWN;MADRID;2026-09-08;32144;;0;28.85
202;CAMPO DE LAS NACIONES;MOTORTOWN;MADRID;2026-09-08;32162;;0;160.17
202;CAMPO DE LAS NACIONES;MOTORTOWN;MADRID;2026-09-08;32210;;0;-318.35
21;LEGANES;AURGI;LEGANES;2026-09-08;27379;;0;18.61
21;LEGANES;AURGI;LEGANES;2026-09-08;27388;;0;12.15
21;LEGANES;AURGI;LEGANES;2026-09-08;27452;;0;3.65
21;LEGANES;AURGI;LEGANES;2026-09-08;27474;;0;-32.78
21;LEGANES;AURGI;LEGANES;2026-09-08;27482;;0;-77.23
21;LEGANES;AURGI;LEGANES;2026-09-08;27483;;0;-56.95
21;LEGANES;AURGI;LEGANES;2026-09-08;27510;;0;-93.18
21;LEGANES;AURGI;LEGANES;2026-09-08;27564;;0;51.13
210;POZUELO DE ALARCÓN;MOTORTOWN;POZUELO DE ALARCÓN;2026-09-08;25484;;0;58.77
210;POZUELO DE ALARCÓN;MOTORTOWN;POZUELO DE ALARCÓN;2026-09-08;25499;;0;5.45
210;POZUELO DE ALARCÓN;MOTORTOWN;POZUELO DE ALARCÓN;2026-09-08;25543;;0;26.51
210;POZUELO DE ALARCÓN;MOTORTOWN;POZUELO DE ALARCÓN;2026-09-08;25553;;0;34.75
210;POZUELO DE ALARCÓN;MOTORTOWN;POZUELO DE ALARCÓN;2026-09-08;25562;;0;92.24
210;POZUELO DE ALARCÓN;MOTORTOWN;POZUELO DE ALARCÓN;2026-09-08;25566;;0;-313.06
210;POZUELO DE ALARCÓN;MOTORTOWN;POZUELO DE ALARCÓN;2026-09-08;25568;;0;28.01
210;POZUELO DE ALARCÓN;MOTORTOWN;POZUELO DE ALARCÓN;2026-09-08;25569;;0;-28.01
210;POZUELO DE ALARCÓN;MOTORTOWN;POZUELO DE ALARCÓN;2026-09-08;25575;;0;12.43
210;POZUELO DE ALARCÓN;MOTORTOWN;POZUELO DE ALARCÓN;2026-09-08;25611;;0;23.06
210;POZUELO DE ALARCÓN;MOTORTOWN;POZUELO DE ALARCÓN;2026-09-08;25612;;0;145.13
210;POZUELO DE ALARCÓN;MOTORTOWN;POZUELO DE ALARCÓN;2026-09-08;25615;;0;155.85
210;POZUELO DE ALARCÓN;MOTORTOWN;POZUELO DE ALARCÓN;2026-09-08;25652;;0;8.75
213;EL BERCIAL;MOTORTOWN;GETAFE;2026-09-08;27435;;0;15.85
213;EL BERCIAL;MOTORTOWN;GETAFE;2026-09-08;27440;;0;22.71
213;EL BERCIAL;MOTORTOWN;GETAFE;2026-09-08;27478;;0;15.49
213;EL BERCIAL;MOTORTOWN;GETAFE;2026-09-08;27527;;0;14.76
213;EL BERCIAL;MOTORTOWN;GETAFE;2026-09-08;27538;;0;6.16
23;SAN SEBASTIAN;AURGI;SS REYES;2026-09-08;65262;;0;10.65
23;SAN SEBASTIAN;AURGI;SS REYES;2026-09-08;65403;;0;35.73
24;PINTO;AURGI;PINTO;2026-09-08;32252;;0;-17.12
24;PINTO;AURGI;PINTO;2026-09-08;32331;;0;41.59
25;LAS ROZAS;AURGI;LAS ROZAS;2026-09-08;78389;;0;10.65
25;LAS ROZAS;AURGI;LAS ROZAS;2026-09-08;78715;;0;31.02
40;VALLECAS;AURGI;MADRID;2026-09-08;33947;;0;30.47
40;VALLECAS;AURGI;MADRID;2026-09-08;33982;;0;7.05
40;VALLECAS;AURGI;MADRID;2026-09-08;33989;;0;21.11
40;VALLECAS;AURGI;MADRID;2026-09-08;34003;;0;-49.86
45;ANTONIO LOPEZ;AURGI;MADRID;2026-09-08;25691;;0;63.65
45;ANTONIO LOPEZ;AURGI;MADRID;2026-09-08;25692;;0;22.63
45;ANTONIO LOPEZ;AURGI;MADRID;2026-09-08;25695;;0;18.83
45;ANTONIO LOPEZ;AURGI;MADRID;2026-09-08;25700;;0;8.66
45;ANTONIO LOPEZ;AURGI;MADRID;2026-09-08;25738;;0;74.21
45;ANTONIO LOPEZ;AURGI;MADRID;2026-09-08;25754;;0;13.25
45;ANTONIO LOPEZ;AURGI;MADRID;2026-09-08;25796;;0;30.44
53;RIVAS;AURGI;RIVAS VACIAMADRID;2026-09-08;17584;;0;22.46
54;VILLALBA;AURGI;COLLADO VILLALBA;2026-09-08;64293;;0;47.18
54;VILLALBA;AURGI;COLLADO VILLALBA;2026-09-08;64350;;0;25.13
54;VILLALBA;AURGI;COLLADO VILLALBA;2026-09-08;64355;;0;6.24
54;VILLALBA;AURGI;COLLADO VILLALBA;2026-09-08;64366;;0;4.96
54;VILLALBA;AURGI;COLLADO VILLALBA;2026-09-08;64373;;0;15.11
54;VILLALBA;AURGI;COLLADO VILLALBA;2026-09-08;64467;;0;21.74
54;VILLALBA;AURGI;COLLADO VILLALBA;2026-09-08;64468;;0;8.95
54;VILLALBA;AURGI;COLLADO VILLALBA;2026-09-08;64544;;0;14.00
54;VILLALBA;AURGI;COLLADO VILLALBA;2026-09-08;64552;;0;17.69
54;VILLALBA;AURGI;COLLADO VILLALBA;2026-09-08;64609;;0;10.58
56;ALCALA DE HENARES;AURGI;ALCALA DE HENARES;2026-09-08;54933;;0;180.00
56;ALCALA DE HENARES;AURGI;ALCALA DE HENARES;2026-09-08;55033;;0;1.90
56;ALCALA DE HENARES;AURGI;ALCALA DE HENARES;2026-09-08;55044;;0;9.56
56;ALCALA DE HENARES;AURGI;ALCALA DE HENARES;2026-09-08;55064;;0;21.91
56;ALCALA DE HENARES;AURGI;ALCALA DE HENARES;2026-09-08;55066;;0;22.81
58;MOSTOLES;AURGI;MOSTOLES;2026-09-08;41021;;0;124.34
58;MOSTOLES;AURGI;MOSTOLES;2026-09-08;41109;;0;24.83
59;VALDEMORO;AURGI;VALDEMORO;2026-09-08;23774;;0;8.40
61;ALCORCON;AURGI;ALCORCON;2026-09-08;47140;;0;6.22
61;ALCORCON;AURGI;ALCORCON;2026-09-08;47184;;0;36.24
61;ALCORCON;AURGI;ALCORCON;2026-09-08;47185;;0;36.24
61;ALCORCON;AURGI;ALCORCON;2026-09-08;47214;;0;13.71
61;ALCORCON;AURGI;ALCORCON;2026-09-08;47276;;0;-76.23
61;ALCORCON;AURGI;ALCORCON;2026-09-08;47278;;0;-136.74
61;ALCORCON;AURGI;ALCORCON;2026-09-08;47280;;0;-10.43
61;ALCORCON;AURGI;ALCORCON;2026-09-08;47281;;0;-22.81
61;ALCORCON;AURGI;ALCORCON;2026-09-08;47282;;0;-53.77
75;EMILIO MUÑOZ;AURGI;MADRID;2026-09-08;32039;;0;89.81
75;EMILIO MUÑOZ;AURGI;MADRID;2026-09-08;32095;;0;23.41
75;EMILIO MUÑOZ;AURGI;MADRID;2026-09-08;32175;;0;37.23
75;EMILIO MUÑOZ;AURGI;MADRID;2026-09-08;32183;;0;94.76
75;EMILIO MUÑOZ;AURGI;MADRID;2026-09-08;32185;;0;23.32
76;AVENIDA DE LOS TOREROS;AURGI;MADRID;2026-09-08;19512;;0;8.87
78;OLIAS DEL REY;AURGI;OLÍAS DEL REY;2026-09-08;80864;;0;8.66
79;MARQUES DE VADILLO;AURGI;MADRID;2026-09-08;38794;;0;26.67
79;MARQUES DE VADILLO;AURGI;MADRID;2026-09-08;38854;;0;30.73
89;LA VAGUADA;AURGI;MADRID;2026-09-08;30614;;0;31.77
89;LA VAGUADA;AURGI;MADRID;2026-09-08;30657;;0;8.18
89;LA VAGUADA;AURGI;MADRID;2026-09-08;30703;;0;23.60
89;LA VAGUADA;AURGI;MADRID;2026-09-08;30717;;0;9.60
89;LA VAGUADA;AURGI;MADRID;2026-09-08;30718;;0;9.60
172;GOYA;MOTORTOWN;MADRID;2026-09-09;19575;;0;35.39
174;CASTELLANA;MOTORTOWN;MADRID;2026-09-09;30892;;0;68.23
190;SANCHINARRO;MOTORTOWN;MADRID;2026-09-09;65550;;0;52.57
190;SANCHINARRO;MOTORTOWN;MADRID;2026-09-09;65574;;0;113.29
190;SANCHINARRO;MOTORTOWN;MADRID;2026-09-09;65612;;0;12.83
190;SANCHINARRO;MOTORTOWN;MADRID;2026-09-09;65684;;0;7.16
190;SANCHINARRO;MOTORTOWN;MADRID;2026-09-09;65713;;0;47.04
190;SANCHINARRO;MOTORTOWN;MADRID;2026-09-09;65717;;0;7.16
190;SANCHINARRO;MOTORTOWN;MADRID;2026-09-09;65730;;0;18.92
190;SANCHINARRO;MOTORTOWN;MADRID;2026-09-09;65737;;0;7.59
190;SANCHINARRO;MOTORTOWN;MADRID;2026-09-09;65761;;0;46.40
190;SANCHINARRO;MOTORTOWN;MADRID;2026-09-09;65769;;0;10.42
190;SANCHINARRO;MOTORTOWN;MADRID;2026-09-09;65788;;0;17.53
190;SANCHINARRO;MOTORTOWN;MADRID;2026-09-09;65803;;0;-312.53
199;ALCALA DE HENARES;MOTORTOWN;ALCALA DE HENARES;2026-09-09;55475;;0;79.68
199;ALCALA DE HENARES;MOTORTOWN;ALCALA DE HENARES;2026-09-09;55478;;0;5.83
202;CAMPO DE LAS NACIONES;MOTORTOWN;MADRID;2026-09-09;32288;;0;6.45
202;CAMPO DE LAS NACIONES;MOTORTOWN;MADRID;2026-09-09;32330;;0;183.94
202;CAMPO DE LAS NACIONES;MOTORTOWN;MADRID;2026-09-09;32344;;0;8.06
202;CAMPO DE LAS NACIONES;MOTORTOWN;MADRID;2026-09-09;32345;;0;16.84
202;CAMPO DE LAS NACIONES;MOTORTOWN;MADRID;2026-09-09;32347;;0;34.36
204;SAN JOSE DE VALDERAS;MOTORTOWN;ALCORCON;2026-09-09;47365;;0;63.57
204;SAN JOSE DE VALDERAS;MOTORTOWN;ALCORCON;2026-09-09;47478;;0;21.90
204;SAN JOSE DE VALDERAS;MOTORTOWN;ALCORCON;2026-09-09;47538;;0;12.72
204;SAN JOSE DE VALDERAS;MOTORTOWN;ALCORCON;2026-09-09;47575;;0;12.72
21;LEGANES;AURGI;LEGANES;2026-09-09;27623;;0;-36.02
210;POZUELO DE ALARCÓN;MOTORTOWN;POZUELO DE ALARCÓN;2026-09-09;25707;;0;-23.06
210;POZUELO DE ALARCÓN;MOTORTOWN;POZUELO DE ALARCÓN;2026-09-09;25712;;0;13.12
210;POZUELO DE ALARCÓN;MOTORTOWN;POZUELO DE ALARCÓN;2026-09-09;25782;;0;4.53
210;POZUELO DE ALARCÓN;MOTORTOWN;POZUELO DE ALARCÓN;2026-09-09;25805;;0;29.05
213;EL BERCIAL;MOTORTOWN;GETAFE;2026-09-09;27674;;0;18.30
213;EL BERCIAL;MOTORTOWN;GETAFE;2026-09-09;27728;;0;32.62
213;EL BERCIAL;MOTORTOWN;GETAFE;2026-09-09;27741;;0;27.67
213;EL BERCIAL;MOTORTOWN;GETAFE;2026-09-09;27789;;0;29.98
213;EL BERCIAL;MOTORTOWN;GETAFE;2026-09-09;27809;;0;3.79
224;TALAVERA;MOTORTOWN;TALAVERA;2026-09-09;29459;;0;6.43
224;TALAVERA;MOTORTOWN;TALAVERA;2026-09-09;29507;;0;59.05
25;LAS ROZAS;AURGI;LAS ROZAS;2026-09-09;78813;;0;95.49
40;VALLECAS;AURGI;MADRID;2026-09-09;34182;;0;35.70
40;VALLECAS;AURGI;MADRID;2026-09-09;34218;;0;1.21
40;VALLECAS;AURGI;MADRID;2026-09-09;34246;;0;-63.17
40;VALLECAS;AURGI;MADRID;2026-09-09;34257;;0;235.76
45;ANTONIO LOPEZ;AURGI;MADRID;2026-09-09;25829;;0;20.46
45;ANTONIO LOPEZ;AURGI;MADRID;2026-09-09;25865;;0;35.94
45;ANTONIO LOPEZ;AURGI;MADRID;2026-09-09;25867;;0;99.76
45;ANTONIO LOPEZ;AURGI;MADRID;2026-09-09;25880;;0;22.41
45;ANTONIO LOPEZ;AURGI;MADRID;2026-09-09;25913;;0;7.39
45;ANTONIO LOPEZ;AURGI;MADRID;2026-09-09;25915;;0;-90.44
45;ANTONIO LOPEZ;AURGI;MADRID;2026-09-09;25916;;0;14.01
45;ANTONIO LOPEZ;AURGI;MADRID;2026-09-09;25935;;0;16.93
45;ANTONIO LOPEZ;AURGI;MADRID;2026-09-09;25936;;0;16.93
45;ANTONIO LOPEZ;AURGI;MADRID;2026-09-09;25937;;0;-16.93
45;ANTONIO LOPEZ;AURGI;MADRID;2026-09-09;25949;;0;16.93
45;ANTONIO LOPEZ;AURGI;MADRID;2026-09-09;25950;;0;-16.93
53;RIVAS;AURGI;RIVAS VACIAMADRID;2026-09-09;17612;;0;17.02
53;RIVAS;AURGI;RIVAS VACIAMADRID;2026-09-09;17645;;0;16.81
54;VILLALBA;AURGI;COLLADO VILLALBA;2026-09-09;64631;;0;23.67
54;VILLALBA;AURGI;COLLADO VILLALBA;2026-09-09;64696;;0;7.76
54;VILLALBA;AURGI;COLLADO VILLALBA;2026-09-09;64742;;0;12.51
54;VILLALBA;AURGI;COLLADO VILLALBA;2026-09-09;64784;;0;16.70
54;VILLALBA;AURGI;COLLADO VILLALBA;2026-09-09;64792;;0;23.24
54;VILLALBA;AURGI;COLLADO VILLALBA;2026-09-09;64800;;0;25.46
54;VILLALBA;AURGI;COLLADO VILLALBA;2026-09-09;64834;;0;432.04
54;VILLALBA;AURGI;COLLADO VILLALBA;2026-09-09;64931;;0;12.15
54;VILLALBA;AURGI;COLLADO VILLALBA;2026-09-09;64937;;0;18.68
56;ALCALA DE HENARES;AURGI;ALCALA DE HENARES;2026-09-09;55128;;0;95.53
56;ALCALA DE HENARES;AURGI;ALCALA DE HENARES;2026-09-09;55154;;0;2.13
56;ALCALA DE HENARES;AURGI;ALCALA DE HENARES;2026-09-09;55236;;0;59.16
56;ALCALA DE HENARES;AURGI;ALCALA DE HENARES;2026-09-09;55408;;0;143.30
56;ALCALA DE HENARES;AURGI;ALCALA DE HENARES;2026-09-09;55428;;0;-130.01
56;ALCALA DE HENARES;AURGI;ALCALA DE HENARES;2026-09-09;55477;;0;68.38
57;ALCOBENDAS;AURGI;ALCOBENDAS;2026-09-09;65448;;0;12.95
57;ALCOBENDAS;AURGI;ALCOBENDAS;2026-09-09;65811;;0;5.36
57;ALCOBENDAS;AURGI;ALCOBENDAS;2026-09-09;65814;;0;10.16
58;MOSTOLES;AURGI;MOSTOLES;2026-09-09;41255;;0;34.51
58;MOSTOLES;AURGI;MOSTOLES;2026-09-09;41407;;0;10.64
58;MOSTOLES;AURGI;MOSTOLES;2026-09-09;41410;;0;14.99
59;VALDEMORO;AURGI;VALDEMORO;2026-09-09;23988;;0;9.08
59;VALDEMORO;AURGI;VALDEMORO;2026-09-09;24002;;0;99.43
59;VALDEMORO;AURGI;VALDEMORO;2026-09-09;24055;;0;67.17
61;ALCORCON;AURGI;ALCORCON;2026-09-09;47476;;0;13.16
61;ALCORCON;AURGI;ALCORCON;2026-09-09;47523;;0;61.00
75;EMILIO MUÑOZ;AURGI;MADRID;2026-09-09;32263;;0;35.50
75;EMILIO MUÑOZ;AURGI;MADRID;2026-09-09;32311;;0;134.25
75;EMILIO MUÑOZ;AURGI;MADRID;2026-09-09;32343;;0;10.87
76;AVENIDA DE LOS TOREROS;AURGI;MADRID;2026-09-09;19652;;0;24.67
77;ARGANDA DEL REY;AURGI;ARGANDA DEL REY;2026-09-09;38610;;0;6.23
77;ARGANDA DEL REY;AURGI;ARGANDA DEL REY;2026-09-09;38637;;0;69.89
77;ARGANDA DEL REY;AURGI;ARGANDA DEL REY;2026-09-09;38732;;0;322.91
77;ARGANDA DEL REY;AURGI;ARGANDA DEL REY;2026-09-09;38786;;0;29.39
77;ARGANDA DEL REY;AURGI;ARGANDA DEL REY;2026-09-09;38833;;0;32.65
77;ARGANDA DEL REY;AURGI;ARGANDA DEL REY;2026-09-09;38837;;0;23.70
78;OLIAS DEL REY;AURGI;OLÍAS DEL REY;2026-09-09;81164;;0;4.86
78;OLIAS DEL REY;AURGI;OLÍAS DEL REY;2026-09-09;81165;;0;4.86
78;OLIAS DEL REY;AURGI;OLÍAS DEL REY;2026-09-09;81231;;0;31.68
78;OLIAS DEL REY;AURGI;OLÍAS DEL REY;2026-09-09;81291;;0;36.66
78;OLIAS DEL REY;AURGI;OLÍAS DEL REY;2026-09-09;81297;;0;30.09
78;OLIAS DEL REY;AURGI;OLÍAS DEL REY;2026-09-09;81354;;0;8.66
79;MARQUES DE VADILLO;AURGI;MADRID;2026-09-09;39054;;0;35.39
79;MARQUES DE VADILLO;AURGI;MADRID;2026-09-09;39131;;0;44.30
89;LA VAGUADA;AURGI;MADRID;2026-09-09;30790;;0;16.13
154;ALUCHE;AURGI;MADRID;2026-09-10;39183;;0;64.95
154;ALUCHE;AURGI;MADRID;2026-09-10;39224;;0;43.63
154;ALUCHE;AURGI;MADRID;2026-09-10;39229;;0;74.75
154;ALUCHE;AURGI;MADRID;2026-09-10;39235;;0;6.27
172;GOYA;MOTORTOWN;MADRID;2026-09-10;19680;;0;248.29
172;GOYA;MOTORTOWN;MADRID;2026-09-10;19695;;0;22.68
172;GOYA;MOTORTOWN;MADRID;2026-09-10;19698;;0;25.59
172;GOYA;MOTORTOWN;MADRID;2026-09-10;19705;;0;-23.66
174;CASTELLANA;MOTORTOWN;MADRID;2026-09-10;31002;;0;67.17
190;SANCHINARRO;MOTORTOWN;MADRID;2026-09-10;65985;;0;9.38
190;SANCHINARRO;MOTORTOWN;MADRID;2026-09-10;66007;;0;10.72
202;CAMPO DE LAS NACIONES;MOTORTOWN;MADRID;2026-09-10;32440;;0;35.57
202;CAMPO DE LAS NACIONES;MOTORTOWN;MADRID;2026-09-10;32442;;0;11.31
202;CAMPO DE LAS NACIONES;MOTORTOWN;MADRID;2026-09-10;32466;;0;14.02
209;SALAMANCA;MOTORTOWN;SALAMANCA;2026-09-10;82075;;0;159.60
210;POZUELO DE ALARCÓN;MOTORTOWN;POZUELO DE ALARCÓN;2026-09-10;25867;;0;32.42
210;POZUELO DE ALARCÓN;MOTORTOWN;POZUELO DE ALARCÓN;2026-09-10;25868;;0;23.23
210;POZUELO DE ALARCÓN;MOTORTOWN;POZUELO DE ALARCÓN;2026-09-10;25869;;0;8.87
210;POZUELO DE ALARCÓN;MOTORTOWN;POZUELO DE ALARCÓN;2026-09-10;25872;;0;10.74
210;POZUELO DE ALARCÓN;MOTORTOWN;POZUELO DE ALARCÓN;2026-09-10;25895;;0;102.26
210;POZUELO DE ALARCÓN;MOTORTOWN;POZUELO DE ALARCÓN;2026-09-10;25905;;0;16.64
210;POZUELO DE ALARCÓN;MOTORTOWN;POZUELO DE ALARCÓN;2026-09-10;25910;;0;30.71
210;POZUELO DE ALARCÓN;MOTORTOWN;POZUELO DE ALARCÓN;2026-09-10;25923;;0;32.40
213;EL BERCIAL;MOTORTOWN;GETAFE;2026-09-10;27869;;0;37.73
213;EL BERCIAL;MOTORTOWN;GETAFE;2026-09-10;27885;;0;-310.92
213;EL BERCIAL;MOTORTOWN;GETAFE;2026-09-10;27893;;0;-15.45
213;EL BERCIAL;MOTORTOWN;GETAFE;2026-09-10;27953;;0;19.29
213;EL BERCIAL;MOTORTOWN;GETAFE;2026-09-10;27956;;0;-111.51
224;TALAVERA;MOTORTOWN;TALAVERA;2026-09-10;29603;;0;115.28
23;SAN SEBASTIAN;AURGI;SS REYES;2026-09-10;66005;;0;24.87
40;VALLECAS;AURGI;MADRID;2026-09-10;34341;;0;7.05
45;ANTONIO LOPEZ;AURGI;MADRID;2026-09-10;26006;;0;2.81
45;ANTONIO LOPEZ;AURGI;MADRID;2026-09-10;26008;;0;6.81
45;ANTONIO LOPEZ;AURGI;MADRID;2026-09-10;26021;;0;449.22
45;ANTONIO LOPEZ;AURGI;MADRID;2026-09-10;26025;;0;4.85
45;ANTONIO LOPEZ;AURGI;MADRID;2026-09-10;26027;;0;13.08
53;RIVAS;AURGI;RIVAS VACIAMADRID;2026-09-10;17725;;0;3.99
54;VILLALBA;AURGI;COLLADO VILLALBA;2026-09-10;64998;;0;6.12
54;VILLALBA;AURGI;COLLADO VILLALBA;2026-09-10;65010;;0;28.17
54;VILLALBA;AURGI;COLLADO VILLALBA;2026-09-10;65078;;0;16.61
54;VILLALBA;AURGI;COLLADO VILLALBA;2026-09-10;65085;;0;6.12
54;VILLALBA;AURGI;COLLADO VILLALBA;2026-09-10;65113;;0;63.78
56;ALCALA DE HENARES;AURGI;ALCALA DE HENARES;2026-09-10;55498;;0;101.91
56;ALCALA DE HENARES;AURGI;ALCALA DE HENARES;2026-09-10;55527;;0;22.49
56;ALCALA DE HENARES;AURGI;ALCALA DE HENARES;2026-09-10;55530;;0;89.81
56;ALCALA DE HENARES;AURGI;ALCALA DE HENARES;2026-09-10;55531;;0;68.38
57;ALCOBENDAS;AURGI;ALCOBENDAS;2026-09-10;65899;;0;16.64
58;MOSTOLES;AURGI;MOSTOLES;2026-09-10;41493;;0;21.05
58;MOSTOLES;AURGI;MOSTOLES;2026-09-10;41507;;0;22.76
58;MOSTOLES;AURGI;MOSTOLES;2026-09-10;41508;;0;5.84
58;MOSTOLES;AURGI;MOSTOLES;2026-09-10;41520;;0;7.47
61;ALCORCON;AURGI;ALCORCON;2026-09-10;47676;;0;26.14
75;EMILIO MUÑOZ;AURGI;MADRID;2026-09-10;32457;;0;5.38
77;ARGANDA DEL REY;AURGI;ARGANDA DEL REY;2026-09-10;38913;;0;62.07
78;OLIAS DEL REY;AURGI;OLÍAS DEL REY;2026-09-10;81446;;0;30.09
79;MARQUES DE VADILLO;AURGI;MADRID;2026-09-10;39165;;0;97.61
79;MARQUES DE VADILLO;AURGI;MADRID;2026-09-10;39232;;0;9.05
79;MARQUES DE VADILLO;AURGI;MADRID;2026-09-10;39246;;0;10.26
89;LA VAGUADA;AURGI;MADRID;2026-09-10;30957;;0;108.60
89;LA VAGUADA;AURGI;MADRID;2026-09-10;30981;;0;24.25
